,filename,artist,title
436,37256.jpg,Claude Monet,Gardener's House at Antibes
506,3016.jpg,Pierre-Auguste Renoir,Ambroise Vollard Portrait
944,28824.jpg,Claude Monet,Haystacks
1067,16139.jpg,Claude Monet,Vetheuil
1217,11233.jpg,Claude Monet,Rouen Cathedral
1300,15562.jpg,Claude Monet,"Rouen Cathedral, evening, harmony in brown"
1330,37160.jpg,Claude Monet,"Weeping Willow, Giverny"
1418,25299.jpg,Camille Pissarro,The Hermitage at Pontoise
1427,3603.jpg,Pierre-Auguste Renoir,By the Water (Near the Lake)
1523,38252.jpg,Claude Monet,Trees in Bloom
1531,34888.jpg,Claude Monet,The Church at Varengeville
1533,11308.jpg,Claude Monet,The Promenade near Limetz
1653,12934.jpg,Jean-Baptiste-Camille Corot,In the Forest of Fontainebleau
1658,32599.jpg,Jean-Baptiste-Camille Corot,Young Girl Reading
1660,36748.jpg,Jean-Baptiste-Camille Corot,Bridge on the Saône River at Mâcon
2064,32232.jpg,Claude Monet,Jeanne-Marguerite Lecadre in the Garden
2115,39796.jpg,Claude Monet,Poplars at Giverny
2121,29122.jpg,Boris Kustodiev,Portrait of Fyodor Chaliapin  
2294,38023.jpg,Jean-Baptiste-Camille Corot,La Zingara
2663,11704.jpg,Claude Monet,Woman Sitting under the Willows
2675,34183.jpg,Claude Monet,The Boats Regatta at Argenteuil
3080,2238.jpg,Claude Monet,The Seine at Vetheuil 
3092,38424.jpg,Claude Monet,The Willows
3245,25088.jpg,Pierre-Auguste Renoir,Pont Neuf
3307,27026.jpg,Claude Monet,Meadows in Giverny
3311,17440.jpg,Pierre-Auguste Renoir,Portrait of Charles and Georges Durand Ruel
3521,34872.jpg,Claude Monet,"Antibes, Afternoon Effect"
3547,18116.jpg,Claude Monet,"Venice, Rio de Santa Salute"
3570,29003.jpg,Claude Monet,"Rocks at Port Coton, the Lion Rock"
3659,32147.jpg,Pierre-Auguste Renoir,Still Life with Fruit
3701,25383.jpg,Claude Monet,Antibes Seen from the Salis Gardens 01
3833,31803.jpg,Claude Monet,Meadow with Poplars
3851,100211.jpg,Claude Monet,"Morning on the Seine, near Vetheuil"
4048,103186.jpg,Claude Monet,The Church at Varengeville and the Gorge of Les Moutiers
4373,22486.jpg,Claude Monet,The Seine at Lavacourt
4396,1016.jpg,Claude Monet,San Giorgio Maggiore at Dusk
4531,37836.jpg,Claude Monet,The Japanis Bridge (Footbridge over the Water-Lily Pond)
4617,39000.jpg,Ilya Repin,Unexpected Visitors
4654,37778.jpg,Claude Monet,The Small Arm of the Seine at Argenteuil
4702,18532.jpg,Jean-Baptiste-Camille Corot,The Augustan Bridge at Narni
4754,32711.jpg,Jean-Baptiste-Camille Corot,The Woman in Blue
4986,2298.jpg,Claude Monet,"Vetheuil, The Church  in Winter"
5085,35495.jpg,Claude Monet,Strada Romada in Bordighera
5186,11876.jpg,Claude Monet,The Japanis Bridge (Footbridge over the Water-Lily Pond)
5277,17668.jpg,Claude Monet,"The Manneport, Seen from Below"
5290,22156.jpg,Claude Monet,Argenteuil
5405,3351.jpg,Claude Monet,Vetheuil
5612,13540.jpg,Claude Monet,Water Lily Pond
5665,287.jpg,Claude Monet,Water Lilies
5677,17270.jpg,Claude Monet,"Path at La Cavee, Pourville"
5720,14191.jpg,Claude Monet,Fisherman's Cottage at Varengeville
5733,21954.jpg,Claude Monet,"Rouen Cathedral, West Facade, Noon"
5747,17656.jpg,Ilya Repin,Sadko
5832,17411.jpg,Claude Monet,"Boulevard Saint-Denis, Argenteuil, in Winter"
5993,13631.jpg,Claude Monet,"The Havre, the trade bassin"
6119,11535.jpg,Claude Monet,The Seine near Argenteuil
6141,102294.jpg,Jean-Baptiste-Camille Corot,Woman with Daisies
6143,17819.jpg,Claude Monet,The Pond at Montgeron
6175,14364.jpg,Claude Monet,Argenteuil. Yachts 02
6275,36972.jpg,Claude Monet,Cliff at Grainval
6279,20627.jpg,Jean-Baptiste-Camille Corot,The Church at Marissel
6437,38074.jpg,Claude Monet,The Valley of the Nervia with Dolceacqua
6460,100897.jpg,Claude Monet,River Scene at Bennecourt
6518,1363.jpg,Pierre-Auguste Renoir,Jeanne Samary
6528,10102.jpg,Claude Monet,The Big Blue Sea in Antibes
6565,20947.jpg,Jean-Baptiste-Camille Corot,Femme de Chanbre
6567,28804.jpg,Claude Monet,The Boat Studio
6570,10329.jpg,Claude Monet,The Garden at Vetheuil
6583,28735.jpg,Claude Monet,Antibes in the Morning
6759,30420.jpg,Claude Monet,"The Grand Canal, Venice"
6804,37539.jpg,Claude Monet,Juan-les-Pins
6930,34887.jpg,Claude Monet,Fields of Tulip With The Rijnsburg Windmill
6933,23236.jpg,Claude Monet,The Spring at Vetheuil
7004,25619.jpg,Claude Monet,Poppy Field
7010,13202.jpg,Pierre-Auguste Renoir,Jeanne Samary in a Low Necked Dress
7128,36789.jpg,Jean-Baptiste-Camille Corot,"Portrait of Louise Claire Sennegon, future Madame Charmois"
7170,38185.jpg,Claude Monet,"Breakup of Ice, Lavacourt, Grey Weather"
7179,1475.jpg,Camille Pissarro,"Orchard in Blossom, Louveciennes"
7184,28468.jpg,Pierre-Auguste Renoir,Oarsmen at Chatou
7226,23945.jpg,Pierre-Auguste Renoir,Lady in a Black Dress
7234,28953.jpg,Claude Monet,Bathers at La Grenouillere
7250,18043.jpg,Pierre-Auguste Renoir,Bather arranging her Hair
7252,16405.jpg,Claude Monet,The Mount Riboudet in Rouen at Spring
7267,2647.jpg,Claude Monet,Landscape at Giverny
7305,28815.jpg,Claude Monet,The Sea at Saint-Adresse
7344,22452.jpg,Claude Monet,"Port d`Aval, Rough Sea"
7396,21109.jpg,Pierre-Auguste Renoir,Two girls in black
7456,13301.jpg,Claude Monet,"Grainstacks, White Frost Effect"
7464,37229.jpg,Claude Monet,"View from the Cliff at Pourville, Bright Weather"
7466,23128.jpg,Claude Monet,Water Lilies
7484,37640.jpg,Claude Monet,Camille and Jean Monet in the Garden at Argenteuil
7492,27608.jpg,Claude Monet,"The Seine at Port Villez, Snow Effect"
7506,21080.jpg,Claude Monet,The Red Road near Menton
7539,3584.jpg,Claude Monet,Leicester Square at Night
7546,383.jpg,Camille Pissarro,"Boulevard des Italiens Morning, Sunlight"
7547,37178.jpg,Claude Monet,Springtime in Vetheuil
7572,13201.jpg,Claude Monet,"Houses of Parliament, Westminster"
7596,35451.jpg,Claude Monet,"The Summer, Poppy Field"
7612,1062.jpg,Claude Monet,Path at Pourville 02
7639,1508.jpg,Jean-Baptiste-Camille Corot,Town and Lake Como
7658,24353.jpg,Claude Monet,Charing Cross Bridge 03
7677,2693.jpg,Claude Monet,"Grainstack in the Morning, Snow Effect"
7720,36301.jpg,Claude Monet,Burgo Marina at Bordighera
7740,14089.jpg,Claude Monet,"Storm, off the Coast of Belle-Ile"
7745,22043.jpg,Claude Monet,"The Promenade at Argenteuil, Soleil Couchant"
7748,17158.jpg,Claude Monet,Bouquet of Sunflowers
7772,37612.jpg,Jean-Baptiste-Camille Corot,Rocks in a Glade
7795,3897.jpg,Pierre-Auguste Renoir,Nude Seated on a Sofa
7808,32888.jpg,Claude Monet,Jean Monet in the Craddle
7830,33661.jpg,Claude Monet,Water Lilies and Weeping Willow Branches
7916,10704.jpg,Claude Monet,Shadows on the Sea at Pourville
7941,14933.jpg,Claude Monet,NOT DETECTED
7965,29071.jpg,Claude Monet,Lunch on the Grass (study)
8090,39733.jpg,Claude Monet,"Church at Varengeville, Morning"
8124,3595.jpg,Claude Monet,View of Argenteuil in the Snow
8194,14923.jpg,Claude Monet,Snow at Argenteuil
8214,16344.jpg,Claude Monet,"Path under the Rose Trellises, Giverny"
8227,25820.jpg,Claude Monet,"Saint-Lazare Gare,  Normandy Train"
8305,101459.jpg,Claude Monet,Water Lilies
8334,28827.jpg,Pierre-Auguste Renoir,Head of a Dog
8432,27370.jpg,Pierre-Auguste Renoir,Child with a Whip
8548,36495.jpg,Claude Monet,NOT DETECTED
8706,10319.jpg,Claude Monet,Yellow Irises and Malva
8876,26520.jpg,Claude Monet,The Pave de Chailly in the Forest
8883,34914.jpg,Boris Kustodiev,Tsar Nicholas II
8888,33231.jpg,Claude Monet,Poplars on the Banks of the Epte
8958,26903.jpg,Claude Monet,Flowers at Vetheuil
8982,38596.jpg,Claude Monet,Fruit Basket with Apples and Grapes
9026,26214.jpg,Claude Monet,"Charing Cross Bridge, Overcast Weather"
9030,12330.jpg,Claude Monet,Railway Bridge at Argenteuil
9174,14020.jpg,Claude Monet,Water Lilies
9554,28779.jpg,Claude Monet,The Sheltered Path
9803,1547.jpg,Claude Monet,NOT DETECTED
9806,32553.jpg,Claude Monet,Lunch on the Grass
9824,33947.jpg,Claude Monet,"Zaandam, Canal"
10071,101522.jpg,Claude Monet,Rain in Belle-Ile
10197,21770.jpg,Claude Monet,Sunset on the Siene
10198,29797.jpg,Claude Monet,House of Parliament Sun
10419,36808.jpg,Claude Monet,The Beach at Trouville
10461,31640.jpg,Jean-Baptiste-Camille Corot,Agostina
10586,14659.jpg,Claude Monet,Water Lilies and Agapanthus
10757,22894.jpg,Claude Monet,Ice on the Siene at Bennecourt
10933,33846.jpg,Jean-Baptiste-Camille Corot,Saint Andre en Morvan
11052,32511.jpg,Jean-Baptiste-Camille Corot,Forest Entrance at Ville d'Avray
11156,26511.jpg,Claude Monet,Landscape at Giverny
11278,10330.jpg,Claude Monet,The Valley of Creuse at Fresselines
11339,21590.jpg,Boris Kustodiev,Blue House
11412,16872.jpg,Pierre-Auguste Renoir,Portrait of Margot (Portrait of a Model)
11465,101871.jpg,Paul Gauguin,The Royal End
11478,39939.jpg,Boris Kustodiev,At the Old Suzdal
11483,29569.jpg,Claude Monet,Garden in Bloom at Sainte-Addresse
11592,22253.jpg,Claude Monet,Water Lilies
11629,36164.jpg,Jean-Baptiste-Camille Corot,Rocks in Amalfi
11632,13819.jpg,Claude Monet,Water Lilies
11649,25972.jpg,Claude Monet,Christmas Roses
11651,22856.jpg,Claude Monet,The Manneport
11688,15692.jpg,Claude Monet,The Train in the Country
11717,100690.jpg,Boris Kustodiev,At The Fair
11722,23475.jpg,Claude Monet,The Road to the Farm of Saint-Simeon in Winter
11759,22104.jpg,Claude Monet,Fontainebleau Forest
11788,39216.jpg,Claude Monet,White Azaleas in a Pot
11794,23298.jpg,Claude Monet,Water Lily Pond
11795,39173.jpg,Claude Monet,The Railway Bridge at Argenteuil
11805,31614.jpg,Claude Monet,The Promenade at Argenteuil 02
11828,14300.jpg,Claude Monet,"Paysage of Norway, the Blue Houses"
11901,13628.jpg,Claude Monet,The Banks of the Seine at the Argenteuil Bridge
11947,26086.jpg,Claude Monet,Water Lilies
11948,35375.jpg,Claude Monet,The Railway Bridge at Argenteuil
12042,24910.jpg,Claude Monet,Camille with Green Parasol
12053,15966.jpg,Claude Monet,Boaters at Argenteuil
12080,20707.jpg,Claude Monet,"Rouen Cathedral, Study of the Portal"
12097,34628.jpg,Claude Monet,"Water Lilies, The Clouds"
12234,18393.jpg,Claude Monet,"Mediteranian Coast, Grey Day"
12311,31787.jpg,Claude Monet,Ice Floes on the Seine at Bougival
12339,11309.jpg,Claude Monet,Portrait of Eugenie Graff (Madame Paul) 
12410,20869.jpg,Claude Monet,"The Manneport, Reflections of Water"
12421,31545.jpg,Claude Monet,Morning on the Seine at Giverny 02
12439,103124.jpg,Claude Monet,The Bridge at Bougival
12453,33924.jpg,Claude Monet,The Towpath at Granval
12471,15052.jpg,Claude Monet,View over Vetheuil
12480,102612.jpg,Claude Monet,Charing Cross Bridge 02
12489,37893.jpg,Claude Monet,Path in the Fog
12501,24717.jpg,Claude Monet,Road to the Saint-Simeon Farm
12537,10243.jpg,Pierre-Auguste Renoir,Claude Monet Reading
12571,14722.jpg,Claude Monet,Houses at Argenteuil
12573,20847.jpg,Claude Monet,"Port of Dieppe, Evening"
12609,34361.jpg,Claude Monet,"The Seacoast of Pourville, Low Tide"
12638,16166.jpg,Claude Monet,"Bordighera, the House of Gardener"
12649,26815.jpg,Claude Monet,The Seine at Bougival in the Evening
12681,15227.jpg,Claude Monet,Dieppe
12690,20822.jpg,Claude Monet,The Garden Gate at Vetheuil
12754,16948.jpg,Claude Monet,Valley of the Creuse (Grey Day) 
12755,101901.jpg,Pierre-Auguste Renoir,The Swing (La Balançoire)
12809,24731.jpg,Claude Monet,Water Lilies
12846,102751.jpg,Boris Kustodiev,The Consecration of Water on the Theophany
13231,24634.jpg,Boris Kustodiev,On the Terrace 
13420,11405.jpg,Boris Kustodiev,Russian Venus
13483,19302.jpg,Boris Kustodiev,Bathing
13513,10935.jpg,Boris Kustodiev,Winter
13545,38120.jpg,Boris Kustodiev,Beauty
13805,35935.jpg,Pierre-Auguste Renoir,Woman on a Staircase
13897,38931.jpg,Boris Kustodiev,"Portrait of Ivan Yershov, the role of Siegfried"
13961,30299.jpg,Jean-Baptiste-Camille Corot,"Christine Nilson, or The Bohemian with a Mandolin"
13971,31466.jpg,Jean-Baptiste-Camille Corot,Girl Reading
13975,22491.jpg,Jean-Baptiste-Camille Corot,"Self Portrait, Sitting next to an Easel"
14440,23783.jpg,Boris Kustodiev,The Merchant's Wife at Tea 
14495,18197.jpg,Pierre-Auguste Renoir,Umbrellas
14705,18292.jpg,Boris Kustodiev,Portrait of Peter Kapitza and Nikolai Semyonov 
14768,22964.jpg,Pierre-Auguste Renoir,Dancer with Castanettes
14796,25851.jpg,Boris Kustodiev,Summer holiday
15322,29123.jpg,Martiros Saryan,Scene from the Train Window
15364,12164.jpg,Martiros Saryan,View of the Gorge from the Pushkin Pass
15608,30765.jpg,Martiros Saryan,"Ararat, a study for 'Armenia'"
15631,36213.jpg,Camille Pissarro,Young Flemish maid
15651,10607.jpg,Pierre-Auguste Renoir,Dance in the Country
15813,35364.jpg,Camille Pissarro,"The Pont Boieldieu, Rouen, Damp Weather"
15843,102376.jpg,Camille Pissarro,Peasants Resting
15848,13133.jpg,Pierre-Auguste Renoir,A Road in Louveciennes
15864,20455.jpg,Camille Pissarro,The Pavillion de Flore and the Pont Royal
15869,19205.jpg,Camille Pissarro,"The Malaquais Quay in the Morning, Sunny Weather"
15878,102973.jpg,Camille Pissarro,"The Fishmarket, Dieppe, Grey Weather, Morning"
15890,34566.jpg,Pierre-Auguste Renoir,Alphonsine Fournaise on the Isle of Chatou
15903,21221.jpg,Pierre-Auguste Renoir,A Walk by the Sea
15914,22939.jpg,Pierre-Auguste Renoir,The Promenade
15922,27098.jpg,Pierre-Auguste Renoir,Field and Haystacks
15931,30508.jpg,Camille Pissarro,Forest scene with two figures
15948,32774.jpg,Camille Pissarro,"The Louvre, Afternoon"
15957,22951.jpg,Pierre-Auguste Renoir,Path Leading through Tall Grass
15959,23431.jpg,Pierre-Auguste Renoir,Mother Goose
15991,28943.jpg,Pierre-Auguste Renoir,Apples and Grapes
15993,3431.jpg,Camille Pissarro,Mardi Gras on the Boulevards
16030,37120.jpg,Camille Pissarro,"The Fair in Dieppe, Sunny Morning"
16061,12071.jpg,Camille Pissarro,"View of the Cotton Mill at Oissel, near Rouen"
16072,37572.jpg,Pierre-Auguste Renoir,Rocks at l'Estaque
16090,36709.jpg,Pierre-Auguste Renoir,Mount Sainte Victoire
16094,22520.jpg,Camille Pissarro,"The Saint Sever Quay, Rouen"
16096,15149.jpg,Camille Pissarro,"The Pont Boieldieu, Rouen, Sunset"
16097,16877.jpg,Camille Pissarro,The Tuileries Gardens Snow Effect
16123,18793.jpg,Pierre-Auguste Renoir,Essoyes Landscape
16162,10484.jpg,Pierre-Auguste Renoir,Landscape at Beaulieu
16176,29795.jpg,Pierre-Auguste Renoir,The Rose Garden at Wargemont
16195,38188.jpg,Camille Pissarro,View Across Stamford Brook Common
16231,39980.jpg,Pierre-Auguste Renoir,Road near Cagnes
16237,100814.jpg,Camille Pissarro,"Rouen, Fog Effect"
16241,32245.jpg,Pierre-Auguste Renoir,Bathers
16242,102535.jpg,Camille Pissarro,Forest in Evening
16280,21439.jpg,Camille Pissarro,"Pontoise, Les Mathurins"
16282,25627.jpg,Camille Pissarro,Village Church
16291,26189.jpg,Camille Pissarro,The Roundelay
16317,13685.jpg,Martiros Saryan,Kirovakan Village
16339,37397.jpg,Camille Pissarro,"Landscape, near Pontoise"
16343,34975.jpg,Camille Pissarro,Enclosed Field at Eragny
16351,10103.jpg,Camille Pissarro,"Pont Neuf, the Statue of Henri IV, Sunny Weather, Morning"
16353,36468.jpg,Camille Pissarro,Boulevard Montmartre Foggy Morning
16368,23115.jpg,Pierre-Auguste Renoir,The Laundress
16371,1137.jpg,Camille Pissarro,"A part of Jallais, Pontoise"
16391,20258.jpg,Paul Gauguin,NIght Cafe in Arles (Madame Ginoux) 
16434,24143.jpg,Camille Pissarro,Bathers 3
16438,26500.jpg,Pierre-Auguste Renoir,Landscape in La Roche Guyon
16443,103120.jpg,Pierre-Auguste Renoir,Banks of the River
16448,21979.jpg,Pierre-Auguste Renoir,The Village
16452,15533.jpg,Camille Pissarro,Farm at Montfoucault
16512,15588.jpg,Camille Pissarro,Laundring Women. Eragny sur Eptes
16527,13723.jpg,Pierre-Auguste Renoir,Woman in a Landscape
16551,2956.jpg,Pierre-Auguste Renoir,Banks of a River
16557,36840.jpg,Camille Pissarro,"Boulevard Montmartre Morning, Grey Weather"
16573,36461.jpg,Camille Pissarro,The Pont Neuf
16610,10460.jpg,Pierre-Auguste Renoir,The Vineyards of Cagnes
16621,31675.jpg,Camille Pissarro,Pink Peonies
16690,32376.jpg,Camille Pissarro,Farmyard in Pontoise
16752,25554.jpg,Pierre-Auguste Renoir,Woman At the Chest
16762,396.jpg,Camille Pissarro,The Port of Le Havre 2
16764,35374.jpg,Camille Pissarro,"Kitchen Garden in Eragny, Afternoon"
16766,32169.jpg,Camille Pissarro,"The Climbing Path, l'Hermitage"
16774,36490.jpg,Pierre-Auguste Renoir,The Path
16813,32554.jpg,Pierre-Auguste Renoir,Walls in Spain
16815,35541.jpg,Camille Pissarro,Street Winter Sunlight and Snow
16915,100318.jpg,Camille Pissarro,Haystack Eragny
16918,31887.jpg,Camille Pissarro,Apple Tree at Eragny
16927,3274.jpg,Pierre-Auguste Renoir,The Cup of Chocolate
16935,31305.jpg,Pierre-Auguste Renoir,Place de la Trinite
16959,16924.jpg,Camille Pissarro,Haymaking in Eragny
16966,100132.jpg,Camille Pissarro,"The Seine at Paris, Pont Royal"
16968,24558.jpg,Pierre-Auguste Renoir,Landscape
17016,30692.jpg,Pierre-Auguste Renoir,Portrait of Edmond Maitre (The Reader)
17035,12693.jpg,Pierre-Auguste Renoir,Cagnes Landscape
17047,27640.jpg,Camille Pissarro,"The Pont Corneille, Rouen, Morning Effect"
17055,15133.jpg,Camille Pissarro,A Road in Louveciennes
17061,33890.jpg,Camille Pissarro,Flood in Pontoise
17069,23466.jpg,Pierre-Auguste Renoir,Berthe Morisot and Her Daughter Julie Manet
17080,2763.jpg,Camille Pissarro,"The Auvers Road, Pontoise"
17082,101019.jpg,Pierre-Auguste Renoir,The Canoeist's Luncheon
17085,37449.jpg,Camille Pissarro,Landscape with Small Stream
17127,17801.jpg,Camille Pissarro,The Lock at Pontoise
17150,11424.jpg,Camille Pissarro,"The Banks of the Seine in Paris, Pont Marie, Quai d'Anjou"
17152,3497.jpg,Pierre-Auguste Renoir,Landscape at Cagnes
17169,27740.jpg,Camille Pissarro,Garden at Eragny (study)
17173,27739.jpg,Pierre-Auguste Renoir,Le Jardin de la Poste (Cagnes)
17197,10310.jpg,Camille Pissarro,Peasants and Hay Stacks
17218,26820.jpg,Camille Pissarro,Boulevard Montmartre Spring Rain
17244,24480.jpg,Pierre-Auguste Renoir,Mediterranean landscape
17246,101634.jpg,Camille Pissarro,The Pont Royal and the Pavillion de Flore
17248,26157.jpg,Camille Pissarro,Potato Harvest
17251,12441.jpg,Pierre-Auguste Renoir,Reclining Nude (The Baker's Wife)
17293,34761.jpg,Camille Pissarro,"Place du Carrousel, the Tuileries Gardens"
17300,2653.jpg,Camille Pissarro,"Boulevard Montmartre Morning, Sunlight and Mist"
17319,15244.jpg,Pierre-Auguste Renoir,Cagnes Landscape with Woman and Child
17335,33435.jpg,Camille Pissarro,Landscape at Osny near watering
17339,24929.jpg,Pierre-Auguste Renoir,Essoyes Landscape Washerwoman and Bathers
17365,13259.jpg,Camille Pissarro,"London, St. Paul's Cathedral"
17369,24404.jpg,Pierre-Auguste Renoir,Cagnes Landscape
17386,37517.jpg,Pierre-Auguste Renoir,Cliffs on the Coast Near Pourville
17428,27236.jpg,Camille Pissarro,"Pere Melon Sawing Wood, Pontoise"
17451,101583.jpg,Pierre-Auguste Renoir,House and Figure among the Trees
17474,33516.jpg,Camille Pissarro,"Trees on a Hill, Autumn, Landscape in Louveciennes"
17495,2285.jpg,Pierre-Auguste Renoir,Landscape
17500,11606.jpg,Pierre-Auguste Renoir,Seated Woman in Blue
17512,10297.jpg,Camille Pissarro,Steamboats
17522,28365.jpg,Pierre-Auguste Renoir,Woman with a Parasol
17551,10444.jpg,Pierre-Auguste Renoir,Coco and Roses (study)
17601,36171.jpg,Camille Pissarro,"Farmyard at the Maison Rouge, Pontoise"
17609,19185.jpg,Pierre-Auguste Renoir,Young Woman in a Straw Hat
17644,13502.jpg,Camille Pissarro,"Road from Osny to Pontoise, Hoar Frost"
17685,17144.jpg,Camille Pissarro,"Ile Lacruix, Rouen. Effect of Fog."
17704,18920.jpg,Camille Pissarro,"Sunset, Rouen"
17752,17636.jpg,Pierre-Auguste Renoir,The Sleeper
17824,38933.jpg,Pierre-Auguste Renoir,Sleeping Nude with Hat (Repose)
17828,31122.jpg,Pierre-Auguste Renoir,The Fairies Pond
17876,32867.jpg,Pierre-Auguste Renoir,The Piano Lesson
17916,2362.jpg,Camille Pissarro,"Marketplace, Gisors"
17924,23190.jpg,Pierre-Auguste Renoir,Cagnes Landscape
17975,14559.jpg,Pyotr Konchalovsky,Portrait of girl sitting on a colorful carpet with the toys. (Kamushka Benediktova).
18058,21125.jpg,Pierre-Auguste Renoir,Dance at Bougival
18098,36179.jpg,Camille Pissarro,"The Village of Knocke, Belgium"
18105,102590.jpg,Camille Pissarro,Winter at Montfoucault 2
18136,1485.jpg,Camille Pissarro,"The Saint Sever Bridge at Rouen, Fog"
18221,31624.jpg,Camille Pissarro,"The Barn, Morning, Eragny"
18407,14448.jpg,Camille Pissarro,View of Rouen
18428,101622.jpg,Pierre-Auguste Renoir,Landscape
18497,19901.jpg,Camille Pissarro,"The Railway Bridge, Pontoise"
18661,17192.jpg,Camille Pissarro,Path of Hermitage at Pontoise
18679,38738.jpg,Pierre-Auguste Renoir,Hills Around Moulin Huet Bay
18818,32677.jpg,Camille Pissarro,Landscape with a Cowherd
18990,33683.jpg,Pierre-Auguste Renoir,Landscape
19019,34319.jpg,Pierre-Auguste Renoir,Portrait of an Infant
19149,33517.jpg,Pierre-Auguste Renoir,Breton Landscape Trees and Moor
19164,28301.jpg,Camille Pissarro,The Harvest at Montfoucault
19298,30657.jpg,Camille Pissarro,"Thaw, Pontoise"
19330,11170.jpg,Pierre-Auguste Renoir,La Grenouillere
19416,35356.jpg,Pierre-Auguste Renoir,Sleeping Cat
19442,15863.jpg,Camille Pissarro,"Sunset, Bazincourt Steeple"
19447,22372.jpg,Camille Pissarro,Sunset
19573,11691.jpg,Pierre-Auguste Renoir,Woman in Blue and Zaza in a Landscape
19600,37241.jpg,Camille Pissarro,In the hospital
19641,31527.jpg,Camille Pissarro,The Road from Versalles to Saint Germain at Louveciennes
19754,100159.jpg,Pierre-Auguste Renoir,Bouquet of Flowers
19779,38417.jpg,Pierre-Auguste Renoir,The Embroiderer (Woman Embroidering in a Garden)
19782,37472.jpg,Pierre-Auguste Renoir,Rue Caulaincourt
19803,23544.jpg,Pierre-Auguste Renoir,Leontine Reading
19895,17718.jpg,Camille Pissarro,Suicide of an abandoned woman
19931,16177.jpg,Pierre-Auguste Renoir,Bouquet of Roses in a Vase
19985,22965.jpg,Camille Pissarro,On Orchard in Pontoise in Winter
20049,14955.jpg,Boris Kustodiev,Portrait of the Painter Ivan Bilibin
20092,10534.jpg,Pierre-Auguste Renoir,Rural Scene
20111,35013.jpg,Pierre-Auguste Renoir,Riding in the Bois de Boulogne (Madame Henriette Darras or The Ride)
20140,37379.jpg,Camille Pissarro,Donkey Ride at La Roche-Guyon
20148,13488.jpg,Camille Pissarro,Street Snow Effect
20213,3102.jpg,Pierre-Auguste Renoir,Still Life with Figs
20236,38999.jpg,Camille Pissarro,Chestnut Orchard in Winter
20251,39430.jpg,Paul Gauguin,Clovis Gauguin asleep
20335,25417.jpg,Camille Pissarro,The Banks of the Seine at Bougival
20386,14563.jpg,Pierre-Auguste Renoir,"On the Seine, near Argenteuil"
20405,28086.jpg,Paul Gauguin,Bathing Place 
20414,35887.jpg,Pyotr Konchalovsky,Still Life with a red tray
20418,100564.jpg,Camille Pissarro,The war of haves and have nots
20472,22255.jpg,Jean-Baptiste-Camille Corot,Smugglers
20494,19555.jpg,Paul Gauguin,Garden under Snow
20601,10389.jpg,Jean-Baptiste-Camille Corot,A Chestnut Wood among the Rocks
20657,102469.jpg,Paul Gauguin,Rouen suburb
20717,1591.jpg,Pierre-Auguste Renoir,Head of a Woman in Red
20726,39806.jpg,Paul Gauguin,To Make a Bouquet
20742,37728.jpg,Camille Pissarro,The diligence
20748,12013.jpg,Paul Gauguin,The Ham
20756,100937.jpg,Pierre-Auguste Renoir,Young Woman in a Blue Hat
20801,33121.jpg,Pierre-Auguste Renoir,The Garden of Essai in Algiers
20843,19587.jpg,Camille Pissarro,The bohemian's wagon
20907,26088.jpg,Pierre-Auguste Renoir,Woman with a Straw Hat
20952,12870.jpg,Jean-Baptiste-Camille Corot,"Gisors, River Bordered by Trees"
20965,32783.jpg,Camille Pissarro,The hayymaker
20981,102680.jpg,Pierre-Auguste Renoir,"Medlar Trees, Cagnes"
20987,20273.jpg,Pierre-Auguste Renoir,Landscape
21040,21594.jpg,Paul Gauguin,Stream in Osny
21067,20935.jpg,Camille Pissarro,"The Saint Antoine Road at l'Hermitage, Pontoise"
21082,37976.jpg,Pierre-Auguste Renoir,Young Girl in a Straw Hat
21083,27534.jpg,Pierre-Auguste Renoir,The Bridge at Argenteuil in Autumn
21085,23598.jpg,Paul Gauguin,Quarries at Pontoise II
21142,23633.jpg,Camille Pissarro,Bathers 2
21190,101018.jpg,Pierre-Auguste Renoir,Rest
21286,34054.jpg,Pierre-Auguste Renoir,Young Girl Wearing a Red Hat
21294,101209.jpg,Pierre-Auguste Renoir,The Duck Pond
21310,10674.jpg,Pierre-Auguste Renoir,Bouquet of Chrysanthemums
21312,13503.jpg,Pierre-Auguste Renoir,Pierre Henri Renoir
21316,15443.jpg,Pierre-Auguste Renoir,A Fence in the Forest
21404,21600.jpg,Paul Gauguin,Still life of onions and pigeons and room interior in Copenhagen
21442,29571.jpg,Martiros Saryan,Village at the foot of the mountain
21453,38885.jpg,Pierre-Auguste Renoir,The Seine at Chatou
21468,13653.jpg,Pierre-Auguste Renoir,Lise with Umbrella
21474,22889.jpg,Paul Gauguin,Haymaking near Dieppe
21475,22697.jpg,Camille Pissarro,"The Avenue, Sydenham"
21502,102090.jpg,Pierre-Auguste Renoir,Two Girls in the Garden at Montmartre
21514,35255.jpg,Pierre-Auguste Renoir,Young Girls on the Beach
21539,13999.jpg,Paul Gauguin,Mette Gauguin in an Evening Dress
21558,30948.jpg,Pierre-Auguste Renoir,Young Woman with a Bun in Her Hair
21573,15136.jpg,Camille Pissarro,"The Cours la Reine at Rouen Morning, Sunlight"
21586,28802.jpg,Pierre-Auguste Renoir,Seated Little Girl with a Blue Background
21671,39714.jpg,Paul Gauguin,Portrait of Claude Antoine Charles Favre
21698,29867.jpg,Pierre-Auguste Renoir,Young Woman Sewing
21700,13958.jpg,Pierre-Auguste Renoir,Path through the High Grass
21728,15099.jpg,Paul Gauguin,Flowers and Japanese book
21749,20669.jpg,Camille Pissarro,"Varengeville, Sunset"
21757,30530.jpg,Pierre-Auguste Renoir,First Portrait of Madame Georges Charpeitier
21800,16360.jpg,Pierre-Auguste Renoir,Self-Portrait
21804,2220.jpg,Paul Gauguin,Dahlias in a copper vase
21811,11271.jpg,Camille Pissarro,Working at Eragny
21830,37303.jpg,Paul Gauguin,Village in the snow
21839,24593.jpg,Camille Pissarro,The Pont Royal and the Pavillon de Flore
21843,2789.jpg,Paul Gauguin,The vase of nasturtiums
21852,22651.jpg,Paul Gauguin,The farm in Grue 
21865,35908.jpg,Pierre-Auguste Renoir,The Banks of the Seine at Champrosay
21872,26194.jpg,Pierre-Auguste Renoir,Two Young Girls Reading
21873,31682.jpg,Pierre-Auguste Renoir,Flowers in a Vase
21894,25656.jpg,Paul Gauguin,The large tree
21900,31777.jpg,Pierre-Auguste Renoir,Portrait of a Young Girl (Elizabeth Maitre)
21925,29839.jpg,Pierre-Auguste Renoir,Roses in a Vase
22008,101883.jpg,Paul Gauguin,Schooner and three masters
22020,2438.jpg,Pierre-Auguste Renoir,Madame Leon Clapisson (Marie Henriette Valentine Billet)
22024,33685.jpg,Paul Gauguin,Street in Rouen
22033,11706.jpg,Pierre-Auguste Renoir,The Spanish Guitarist
22039,11614.jpg,Martiros Saryan,View from the Banks of the River Araks
22041,3143.jpg,Paul Gauguin,Landscape at Pont-Aven
22051,15309.jpg,Pierre-Auguste Renoir,Three Women and Child in a Landscape
22092,11702.jpg,Camille Pissarro,The Telegraph Tower at Montmartre
22107,19905.jpg,Paul Gauguin,Cove opposite Pont-Aven Harbor
22110,16562.jpg,Paul Gauguin,Boy by the Water
22121,34869.jpg,Pierre-Auguste Renoir,Richard Wagner
22145,11044.jpg,Paul Gauguin,Tropical Conversation
22172,20875.jpg,Camille Pissarro,Mother Jolly
22227,11775.jpg,Camille Pissarro,Self Portrait
22243,39065.jpg,Jean-Baptiste-Camille Corot,"The Facade of the Villa d Este at Tivoli, View from the Gardens"
22319,31585.jpg,Camille Pissarro,"A Cowherd on the Route de Chou, Pontoise"
22329,30350.jpg,Camille Pissarro,Hill of Jallais at Pontoise
22350,27589.jpg,Paul Gauguin,Breton Landscape
22362,1691.jpg,Camille Pissarro,Goose Girl
22393,34137.jpg,Camille Pissarro,The talk
22398,35113.jpg,Paul Gauguin,Seascape with cow on the edge of a cliff
22461,12040.jpg,Camille Pissarro,Roses in a Glass
22511,34908.jpg,Pierre-Auguste Renoir,The Seine at Asnieres (The Skiff)
22530,29512.jpg,Paul Gauguin,Vairumati
22557,37879.jpg,Paul Gauguin,Riders on the beach
22566,35595.jpg,Paul Gauguin,Old Women of Arles
22581,12994.jpg,Paul Gauguin,"Portrait of a Young Woman, Vaite (Jeanne) Goupil "
22635,21504.jpg,Pierre-Auguste Renoir,Laundresses
22658,28064.jpg,Camille Pissarro,Portal from the Abbey Church of Saint Laurent
22693,23075.jpg,Camille Pissarro,"Kew Gardens, Crossroads near the Pond"
22700,23337.jpg,Camille Pissarro,Landscape at Bazincourt
22728,22545.jpg,Pierre-Auguste Renoir,Roses in a Vase
22741,37748.jpg,Pierre-Auguste Renoir,The Luncheon
22746,21955.jpg,Pierre-Auguste Renoir,Nude in a Straw Hat
22753,23047.jpg,Boris Kustodiev,Country Fair
22757,13083.jpg,Boris Kustodiev,Fontanka
22764,33777.jpg,Paul Gauguin,Breton Woman with a Pitcher
22796,101801.jpg,Pierre-Auguste Renoir,The Port of Rochelle
22809,1736.jpg,Pierre-Auguste Renoir,Madame Monet
22815,34308.jpg,Boris Kustodiev,Portrait of K.B. Kustodiev
22817,14836.jpg,Boris Kustodiev,Still Life with Pheasant
22818,19636.jpg,Boris Kustodiev,Christmas tree bargain
22837,27271.jpg,Camille Pissarro,The Tedder
22840,100006.jpg,Pierre-Auguste Renoir,Victor Chocquet
22849,101580.jpg,Pierre-Auguste Renoir,Portrait of Mademoiselle Sicotg
22855,101327.jpg,Pierre-Auguste Renoir,Pink and Blue
22856,101991.jpg,Boris Kustodiev,Introduction. Picture from the magazine Vampire
22899,33373.jpg,Boris Kustodiev,Self Portrait 
22915,20386.jpg,Paul Gauguin,Quarry hole in the cliff
22942,36697.jpg,Paul Gauguin,Three Tahitians
22951,24814.jpg,Paul Gauguin,Vase of flowers
22963,26038.jpg,Pierre-Auguste Renoir,The Sea at Cagnes
22977,24757.jpg,Camille Pissarro,A Village through the Trees
22988,21752.jpg,Pierre-Auguste Renoir,Young Girl Seated in a Garden
22995,102205.jpg,Camille Pissarro,"March Sun, Pontoise"
22997,24692.jpg,Paul Gauguin,Still life Ripipont
23013,102694.jpg,Paul Gauguin,Breton Women at the Turn
23026,12089.jpg,Pierre-Auguste Renoir,Madame Henriot
23031,12363.jpg,Pierre-Auguste Renoir,Cliffs
23035,14211.jpg,Paul Gauguin,Still Life with l'Esperance
23067,32271.jpg,Boris Kustodiev,Joining Kazan to Russia. Allegory
23071,15087.jpg,Boris Kustodiev,The Harvest 
23089,36368.jpg,Jean-Baptiste-Camille Corot,The Little Bridge at Mantes
23120,36206.jpg,Camille Pissarro,The Harvest at Montfoucault 2
23150,19795.jpg,Paul Gauguin,Sheperd and sheperdess in a meadow
23171,1310.jpg,Boris Kustodiev,Shells
23172,31231.jpg,Boris Kustodiev,Joining Kazan to Russia. Allegory
23174,102430.jpg,Paul Gauguin,Washerwomen at Pont-Aven
23223,21494.jpg,Camille Pissarro,"Autumn, Morning Mist, Éragny-sur-Epte"
23238,25572.jpg,Martiros Saryan,Armenian landscape
23259,29570.jpg,Pierre-Auguste Renoir,Coco Holding a Orange
23280,24302.jpg,Pierre-Auguste Renoir,Modele from the Moulin de la Galette
23291,31220.jpg,Paul Gauguin,"Still life with onions, beetroot and Japanese print"
23315,31017.jpg,Pierre-Auguste Renoir,Portrait of Charles Terrasse
23325,38056.jpg,Pierre-Auguste Renoir,Young Girl in a White Hat
23326,25597.jpg,Paul Gauguin,Dogs running through a field
23410,18362.jpg,Ilya Repin,Portrait of Nikolai Remizov
23445,31175.jpg,Paul Gauguin,Tahitian Man with His Arms Raised
23518,29181.jpg,Pierre-Auguste Renoir,Near Berneval
23558,33895.jpg,Pierre-Auguste Renoir,Young Girl in the Garden at Mezy
23559,14127.jpg,Paul Gauguin,Breton girls dancing
23574,27275.jpg,Pierre-Auguste Renoir,Alfred Berard and His Dog
23668,33078.jpg,Martiros Saryan,Near pomegranate tree
23672,2977.jpg,Paul Gauguin,Tahitian women under the palms
23729,102782.jpg,Paul Gauguin,Tahitian village
23748,18301.jpg,Camille Pissarro,"The Banks of the Oise, Pontoise (also known as Man Fishing)"
23831,102248.jpg,Camille Pissarro,Portrait of Jeanne
23835,10462.jpg,Camille Pissarro,Pere Melon Cutting Wood
23842,25539.jpg,Pierre-Auguste Renoir,A Bouquet of Roses
23867,37917.jpg,Camille Pissarro,"A Peasant in the Lane at Hermitage, Pontoise"
23878,11010.jpg,Pierre-Auguste Renoir,Midday Landscape
23896,101934.jpg,Pierre-Auguste Renoir,The Artist s House
23998,17883.jpg,Jean-Baptiste-Camille Corot,Bouquet of Flowers in a Glass beside a Tobacco Pot
24068,29567.jpg,Martiros Saryan,Night Landscape. Egypt.
24128,28781.jpg,Paul Gauguin,The Sorcerer of Hiva Oa (Marquesan Man in the Red Cape)
24134,21489.jpg,Paul Gauguin,Woman by the sea
24150,2843.jpg,Pierre-Auguste Renoir,Vase of Flowers
24158,11140.jpg,Paul Gauguin,Breton Boys Wrestling
24165,32759.jpg,Pierre-Auguste Renoir,Young Woman with a Veil
24225,26416.jpg,Pierre-Auguste Renoir,Portrait in a Pink Dress
24240,3230.jpg,Camille Pissarro,Church at Kew
24265,15792.jpg,Pierre-Auguste Renoir,The Reader (Young Woman Reading a Book)
24323,102710.jpg,Pierre-Auguste Renoir,Alfred Sisley
24376,20917.jpg,Martiros Saryan,Ararat
24448,19501.jpg,Camille Pissarro,Peasant Woman Warming Herself
24482,2548.jpg,Pierre-Auguste Renoir,The Champs Elysees during the Paris Fair of 1867
24522,33498.jpg,Pierre-Auguste Renoir,The Braid (Suzanne Valadon)
24652,20507.jpg,Paul Gauguin,Fruits
24661,20278.jpg,Pierre-Auguste Renoir,The Promenade (Julienne Dubanc and Adrienne)
24739,29760.jpg,Camille Pissarro,"The street of Hermitage, Pontoise"
24745,3568.jpg,Pierre-Auguste Renoir,Young Girl in Blue (Head of a Blond Woman)
24788,27231.jpg,Paul Gauguin,Tahitian landscape
24811,2848.jpg,Boris Kustodiev,Family Portrait
24817,102955.jpg,Pierre-Auguste Renoir,Frederic Bazille Painting The Heron (Frederic Bazille at his Easel)
24831,39966.jpg,Pierre-Auguste Renoir,Bust of a Woman (Yellow Dress)
24880,14206.jpg,Paul Gauguin,A man with axe
24893,35386.jpg,Pierre-Auguste Renoir,Motherhood (Woman Breast Feeding Her Child)
24944,37832.jpg,Pierre-Auguste Renoir,Madame Chocquet Reading
24947,101056.jpg,Pierre-Auguste Renoir,Little Girl in a White Apron (Portrait of Lucie Berard)
24954,33277.jpg,Ilya Repin,Portrait of pianist and professor of Saint Petersburg Conservatory Sophie Menter
24966,102554.jpg,Paul Gauguin,Landscape with black pigs and a crouching Tahitian
25010,21293.jpg,Boris Kustodiev,Portrait of F.F. Notgaft
25084,36854.jpg,Paul Gauguin,Mysterious Water
25115,23098.jpg,Pierre-Auguste Renoir,Gabrielle with a large hat
25166,17338.jpg,Boris Kustodiev,Portrait of Vasily Kastalsky
25184,28811.jpg,Camille Pissarro,Haymaking
25243,16832.jpg,Camille Pissarro,Near Pontoise
25421,15056.jpg,Paul Gauguin,Landscape with Poplars
25448,103077.jpg,Jean-Baptiste-Camille Corot,Democritus and the Abderiti
25551,31747.jpg,Camille Pissarro,"The Carrousel, Grey Weather"
25575,26079.jpg,Boris Kustodiev,Portrait of O.P. Myasoedova
25578,21706.jpg,Jean-Baptiste-Camille Corot,Windswept Landscape
25640,27694.jpg,Jean-Baptiste-Camille Corot,Breton Woman and her Little Girl
25654,100739.jpg,Paul Gauguin,Young Christian Girl
25669,103007.jpg,Paul Gauguin,Road in Tahiti
25721,36762.jpg,Jean-Baptiste-Camille Corot,"Ville d'Avray, the Large Pond and Villas"
25734,33961.jpg,Boris Kustodiev,Under Honey's Harmonica
25801,38556.jpg,Pyotr Konchalovsky,Triptych. Bandura-player.
25803,13416.jpg,Pyotr Konchalovsky,Triptych. Cossack with a fork.
25890,102369.jpg,Camille Pissarro,"Two Woman Chatting by the Sea, St. Thomas"
25914,13669.jpg,Pyotr Konchalovsky,From mowing
25932,27610.jpg,Pyotr Konchalovsky,Agave
25938,100770.jpg,Jean-Baptiste-Camille Corot,Moonlit Landscape
26002,37900.jpg,Camille Pissarro,The Harvest
26118,30264.jpg,Paul Gauguin,Clovis
26196,11453.jpg,Paul Gauguin,Suzanne Sewing
26267,27919.jpg,Paul Gauguin,"Landscape at Le Pouldu, the isolated house"
26278,22662.jpg,Pyotr Konchalovsky,Oak tree
26398,11054.jpg,Boris Kustodiev,A young merchant's wife in the a checkered scarf
26421,38789.jpg,Jean-Baptiste-Camille Corot,Portrait of a Standing Woman
26433,28499.jpg,Paul Gauguin,The lemon picker
26436,11791.jpg,Paul Gauguin,Flowers and a bird
26453,100747.jpg,Jean-Baptiste-Camille Corot,"Arleux du Nord, the Drocourt Mill, on the Sensee"
26563,100942.jpg,Ilya Repin,Portrait of the Author Leonid Andreev
26565,11374.jpg,Ilya Repin,Ivan Shishkin at a meeting of the Academy of Fine Arts
26566,37346.jpg,Boris Kustodiev,Group portrait of painters of the World of Art
26649,11055.jpg,Camille Pissarro,"Pontoise Landscape, Through the Fields"
26680,34763.jpg,Boris Kustodiev,Family portrait of Polenovs (Family Portrait)
26692,10516.jpg,Camille Pissarro,"Pontoise, the Road to Gisors in Winter"
26771,26663.jpg,Jean-Baptiste-Camille Corot,The Belfry of Douai
26782,31263.jpg,Jean-Baptiste-Camille Corot,A Seated Italian from Paeigno Facing Front
26794,29424.jpg,Jean-Baptiste-Camille Corot,"View of Pincio, Italy"
26808,10292.jpg,Boris Kustodiev,Portrait B.A.Gorin-Goryainov
26830,24598.jpg,Camille Pissarro,Boulevard des Fosses. Pontoise
26847,10063.jpg,Paul Gauguin,The swineherd
26850,14463.jpg,Ilya Repin,Sketches of Leo Tolstoy
26854,20812.jpg,Camille Pissarro,Peasant Women Planting Stakes
27057,38246.jpg,Paul Gauguin,Aven running through Pont-Aven
27071,27281.jpg,Paul Gauguin,In the forest Saint Cloud II
27091,25373.jpg,Paul Gauguin,Still life with mangoes and hibiscus
27140,21948.jpg,Jean-Baptiste-Camille Corot,Young Italian Patriot in the Mountains
27144,21278.jpg,Boris Kustodiev,Portrait of Soviet actor Nikolay Monakhov
27196,38731.jpg,Jean-Baptiste-Camille Corot,Souvenir of Italy
27230,12477.jpg,Boris Kustodiev,Portrait of L.P. Albrecht
27290,25555.jpg,Boris Kustodiev,Country journey
27323,31561.jpg,Camille Pissarro,The path of Basincourt
27370,34363.jpg,Paul Gauguin,The embroiderer or Mette Gauguin
27371,30471.jpg,Pyotr Konchalovsky,Still life with rabbit
27386,33419.jpg,Jean-Baptiste-Camille Corot,The Youngest Daughter of M. Edouard Delalain
27404,10511.jpg,Jean-Baptiste-Camille Corot,The Studio (Young Woman with a Mandolin)
27629,12461.jpg,Paul Gauguin,Portrait of Aline
27750,23550.jpg,Camille Pissarro,Peasant girl drinking her coffee
27755,18966.jpg,Boris Kustodiev,Portrait of Yuri Korvin-Krukovsky
27807,36599.jpg,Paul Gauguin,Cows on the Seashore
27842,17271.jpg,Ilya Repin,Portrait of N.D. Ermakov
27981,38836.jpg,Boris Kustodiev,Palm Sunday near the Spassky Gate on the Red Square in Moscow
28021,23242.jpg,Camille Pissarro,"The Path from Halage, Pontoise"
28077,16401.jpg,Pyotr Konchalovsky,City
28130,36813.jpg,Boris Kustodiev,Portrait of R.I. Notgaft
28183,18566.jpg,Ilya Repin,"Portrait of the writer N.B. Nordman-Severova, the artist's wife"
28187,27836.jpg,Camille Pissarro,A Servant Seated in the Garden at Eragny
28196,27917.jpg,Jean-Baptiste-Camille Corot,Venice View of the Esclavons Quay
28213,18803.jpg,Paul Gauguin,Spirit of the Dead Watching
28253,34109.jpg,Paul Gauguin,M. Loulou
28263,102389.jpg,Pyotr Konchalovsky,Still Life. Grouse and woodcock.
28278,23459.jpg,Camille Pissarro,"The Sower, Montfoucault"
28376,24703.jpg,Jean-Baptiste-Camille Corot,Young Girl Learning to Write
28436,102648.jpg,Paul Gauguin,Tahitian Scene
28444,13116.jpg,Paul Gauguin,Flowers in a fruit bowl
28488,30480.jpg,Pyotr Konchalovsky,First Snow
28530,20226.jpg,Ilya Repin,Portrait of the military
28639,3669.jpg,Ilya Repin,Portrait of the Author Vladimir Korolemko
28664,21397.jpg,Paul Gauguin,Winter Landscape
28802,18736.jpg,Ilya Repin,Portrait of the Composer Mikhail Glinka
28803,34778.jpg,Pyotr Konchalovsky,Still Life. Basket with ash.
28832,29090.jpg,Paul Gauguin,Blue trees
28951,23584.jpg,Camille Pissarro,Paysanne Couchant
29048,14337.jpg,Jean-Baptiste-Camille Corot,Orpheus Leading Eurydice from the Underworld
29074,18505.jpg,Paul Gauguin,Banks of the Oise
29189,21682.jpg,Paul Gauguin,A seashore
29294,33043.jpg,Jean-Baptiste-Camille Corot,"Fishermen s Quay, Trouville"
29300,100408.jpg,Camille Pissarro,Vase of Flowers
29337,100584.jpg,Boris Kustodiev,Group portrait of painters of the World of Art
29369,16593.jpg,Camille Pissarro,Still Life with Apples and Pitcher
29400,34678.jpg,Jean-Baptiste-Camille Corot,The Curious Little Girl
29419,31907.jpg,Boris Kustodiev,Portrait of Z.E. Roze
29474,18874.jpg,Boris Kustodiev,Portrait of a Peasant Kotov 
29478,15568.jpg,Ilya Repin,A Newspaper Seller in Paris
29480,13847.jpg,Boris Kustodiev,Date of Vladimir and Masha in the garden
29517,31050.jpg,Jean-Baptiste-Camille Corot,Mont Soracte
29543,15609.jpg,Ilya Repin,Barge Haulers Pulling on the Strap
29591,16587.jpg,Camille Pissarro,Seated Peasant
29618,29132.jpg,Jean-Baptiste-Camille Corot,General View of the Town of Saint Lo
29656,33429.jpg,Boris Kustodiev,Autumn 
29702,29205.jpg,Ilya Repin,Raising of Jairus Daughter
29706,2079.jpg,Boris Kustodiev,Easter Greeting
29721,37458.jpg,Jean-Baptiste-Camille Corot,"La Cervara, the Roman Countryside"
29725,32.jpg,Jean-Baptiste-Camille Corot,Young Woman at the Well
29765,16154.jpg,Jean-Baptiste-Camille Corot,Between Lake Geneva and the Alps
29848,13287.jpg,Ilya Repin,Head of a Man
29852,18980.jpg,Boris Kustodiev,Exit of Tsar Ivan the Terrible
29857,15004.jpg,Ilya Repin,Portrait of Vladimir Aleksandrovich
29944,34065.jpg,Paul Gauguin,Party wall
29975,27076.jpg,Boris Kustodiev,Coachman at Traktir
29985,29103.jpg,Boris Kustodiev,Nobility Assembly Hall in St. Petersburg
30036,3822.jpg,Boris Kustodiev,Mercahnt's Wife Drinking Tea
30060,20125.jpg,Pyotr Konchalovsky,Veliky Novgorod
30093,20910.jpg,Ilya Repin,Negress
30212,1007.jpg,Ilya Repin,Portrait of Dmitri Sergueyevich Merezhkovsky
30221,3913.jpg,Camille Pissarro,Apples and Pears in a Round Basket
30252,23699.jpg,Jean-Baptiste-Camille Corot,Maurice Robert as a Child
30268,39343.jpg,Pyotr Konchalovsky,Self-portrait (in yellow shirt)
30334,13817.jpg,Ilya Repin,Portrait of the writer T.L. Shchepkina-Kupernik
30361,13756.jpg,Jean-Baptiste-Camille Corot,Bell Tower of the Church of Saint Paterne at Orleans
30415,18462.jpg,Pyotr Konchalovsky,Forging of buffalo. Study.
30525,3724.jpg,Paul Gauguin,Tahitians at rest (unfinished)
30528,102929.jpg,Pyotr Konchalovsky,Roses in a glass
30552,10478.jpg,Boris Kustodiev,The hut. Kostroma Province
30595,101120.jpg,Jean-Baptiste-Camille Corot,The Son of M. Edouard Delalain
30599,12859.jpg,Paul Gauguin,Marquesan landscape with horses
30603,16541.jpg,Jean-Baptiste-Camille Corot,Pond with a Large Tree
30631,19429.jpg,Ilya Repin,Portrait of painter and sculptor Mikhail Osipovich Mikeshin
30693,100853.jpg,Boris Kustodiev,The guy from Tula
30695,21073.jpg,Ilya Repin,Portrait of the Art Critic Vladimir Stasov
30772,3166.jpg,Ilya Repin,Burlak 
30797,27855.jpg,Camille Pissarro,"Peasant Woman and Child Harvesting the Fields, Pontoise"
30879,15072.jpg,Jean-Baptiste-Camille Corot,Banks of a River
30937,25108.jpg,Paul Gauguin,The Bathers
31059,14176.jpg,Ilya Repin,Portrait of Dmitry Mendeleev
31104,38210.jpg,Jean-Baptiste-Camille Corot,View of the Roman Compagna
31127,27894.jpg,Paul Gauguin,Landscape with three trees
31181,25766.jpg,Boris Kustodiev,Sailor and His Girl
31184,25114.jpg,Ilya Repin,Portrait of railroad tycoon and patron of the arts Savva Ivanovich Mamontov
31266,13125.jpg,Boris Kustodiev,The priest
31269,31990.jpg,Ilya Repin,Reading (Portrait of Natalia B. Nordman)
31279,28513.jpg,Camille Pissarro,"The House of Monsieur Musy, Louveciennes"
31325,35885.jpg,Ilya Repin,Self portrait
31326,13210.jpg,Boris Kustodiev,Merchant
31442,18408.jpg,Camille Pissarro,View of Rouen
31450,17367.jpg,Boris Kustodiev,Poetry
31459,101290.jpg,Martiros Saryan,Armenia
31470,10854.jpg,Pyotr Konchalovsky,Siena
31516,24688.jpg,Boris Kustodiev,Autumn 
31525,28782.jpg,Boris Kustodiev,Palm market with Spassky Gate
31527,3766.jpg,Boris Kustodiev,Portrait of a priest and a deacon 
31534,25030.jpg,Ilya Repin,Portrait of the Surgeon Nikolay Pirogov
31537,100630.jpg,Boris Kustodiev,Landscape in the Kostroma region
31554,26922.jpg,Pyotr Konchalovsky,Peterhof
31598,36922.jpg,Boris Kustodiev,Haymaking
31610,16826.jpg,Ilya Repin,Portrait of the Author Alexey Pisemsky
31629,23163.jpg,Paul Gauguin,Two vases of flowers and a fan
31672,11407.jpg,Ilya Repin,Portrait of the Artist Vasily Polenov
31755,32426.jpg,Ilya Repin,"Portrait of T.P. Chaplygin, a cousin of Ilya Repin"
31758,23888.jpg,Boris Kustodiev,Portrait of M.V. Dobuzhinsky
31760,38970.jpg,Ilya Repin,Portrait of the Art Critic Vladimir Stasov
31777,37413.jpg,Paul Gauguin,Orchard under the Church of Bihorel (Children in the Pasture)
31835,20780.jpg,Ilya Repin,Portrait of Chuguev resident S.L. Lyubitskaya
31876,37747.jpg,Camille Pissarro,"Peasants Chatting in the Farmyard, Eragny"
31887,384.jpg,Ilya Repin,In the hut
31893,31088.jpg,Boris Kustodiev,A dancer in a cabaret
31947,39389.jpg,Jean-Baptiste-Camille Corot,Cowherd by the Water
31974,23240.jpg,Boris Kustodiev,Portrait of N.D. Milioti
31975,32987.jpg,Boris Kustodiev,Portrait of Irina Kustodiev with the dog Shumka
32029,36751.jpg,Boris Kustodiev,Portrait of T.F. Davydova
32042,3221.jpg,Jean-Baptiste-Camille Corot,The Severes Hills Le Chemin Troyon
32079,30949.jpg,Boris Kustodiev,At the sketches (At the foothills)
32088,14238.jpg,Boris Kustodiev,Portrait of a writer Alexandra Vasilevny Schwartz
32091,1330.jpg,Pyotr Konchalovsky,Self-portrait in gray
32094,22874.jpg,Boris Kustodiev,A Merchant
32133,100337.jpg,Pyotr Konchalovsky,Still Life. Oranges and crumpled paper.
32164,14288.jpg,Ilya Repin,Portrait of P. Schindler
32180,10541.jpg,Boris Kustodiev,On the Volga
32261,100060.jpg,Boris Kustodiev,Province (Kostroma)
32267,100647.jpg,Boris Kustodiev,Portrait of N.K. von Meck
32269,23124.jpg,Boris Kustodiev,Harvester
32287,32164.jpg,Pyotr Konchalovsky,Lermontov's place. Vicinity of Kislovodsk. The road to rock Lermontov.
32289,11639.jpg,Jean-Baptiste-Camille Corot,The Tibre River Hemmed in by the Collines
32466,3582.jpg,Boris Kustodiev,"Poster of the play ""Flea"""
32485,36397.jpg,Ilya Repin,"Portrait of a military engineer, Captain A. Shevtsov, brother of the artist's wife"
32506,36626.jpg,Jean-Baptiste-Camille Corot,Corot's Studio
32562,26833.jpg,Ilya Repin,Nicholas of Myra eliminates the death of three innocent prisoners
32563,25484.jpg,Boris Kustodiev,"Cover for the book ""Russia"""
32572,10844.jpg,Ilya Repin,Portrait of K.B. Boleslavova
32629,36760.jpg,Ilya Repin,Portrait of a Woman
32633,2607.jpg,Boris Kustodiev,Merchant's wife on the promenade
32709,1797.jpg,Boris Kustodiev,Portrait of L.S. Bakst
32729,11313.jpg,Ilya Repin,Portrait of Artist Vladimir Samoilov
32879,31673.jpg,Pyotr Konchalovsky,Piazza della Signoria in Siena
32886,28600.jpg,Boris Kustodiev,Blooming wisteria
32910,17796.jpg,Paul Gauguin,Clay jug and irin mug
32962,100715.jpg,Ilya Repin,Portrait of a Woman (E.D. Botkina)
32967,38590.jpg,Boris Kustodiev,Teatime
33083,102905.jpg,Paul Gauguin,Self portrait with mandolin
33123,18442.jpg,Jean-Baptiste-Camille Corot,The Fair Maid of Gascony (The Blond Gascon)
33165,14115.jpg,Ilya Repin,Deserter
33186,101437.jpg,Boris Kustodiev,Portrait of E.E. Lansere
33345,13945.jpg,Ilya Repin,Judas
33395,25933.jpg,Pyotr Konchalovsky,Essentuki. Stairs.
33426,2296.jpg,Ilya Repin,Portrait of S.A. Repina
33489,24694.jpg,Ilya Repin,Portrait of Luiza Mersi D'arzhanto
33501,20731.jpg,Ilya Repin,Man's best friend
33644,13758.jpg,Ilya Repin,Portrait of V. V. Verevkina
33645,21727.jpg,Ilya Repin,Portrait of E.L. Prahova and painter R.S. Levitsky
33646,34871.jpg,Martiros Saryan,"For the Armenians-fighters,  veterans of World War II"
33651,23656.jpg,Ilya Repin,Portrait of the architect Philip Dmitrievich Hloboschin
33662,19296.jpg,Pyotr Konchalovsky,Scheherazade
33772,2059.jpg,Boris Kustodiev,Portrait of Mitya Shostakovich
33780,2133.jpg,Boris Kustodiev,Petersburg. Palace
33781,36672.jpg,Boris Kustodiev,Girl brushing her hair
33783,12990.jpg,Boris Kustodiev,Russian Venus
33785,32704.jpg,Ilya Repin,Portrait of S.F. Mamontova
33797,36836.jpg,Ilya Repin,Portrait of the Narratorb of the Folk Tales V. Tschegolionkov
33804,17357.jpg,Ilya Repin,Portrait of a Peasant
33851,39079.jpg,Martiros Saryan,The street
33860,27635.jpg,Ilya Repin,Woman with dagger
33876,26654.jpg,Pyotr Konchalovsky,Veliky Novgorod
34054,1238.jpg,Boris Kustodiev,Portrait of S.N. Troinitsky
34072,100704.jpg,Pyotr Konchalovsky,Still Life. Peonies on the table.
34073,16880.jpg,Jean-Baptiste-Camille Corot,Le Gue (Cows on the Banks of the Gue)
34122,28276.jpg,Ilya Repin,Portrait of Dr. G. Kostrov
34137,14468.jpg,Jean-Baptiste-Camille Corot,A Ford with Large Trees
34143,10646.jpg,Jean-Baptiste-Camille Corot,"Marino, Large Buildings on the Rocks"
34169,3954.jpg,Ilya Repin,"Portrait of Pavel Tretyakov, Founder of the Tretyakov Gallery"
34182,28622.jpg,Boris Kustodiev,Portrait of the writer A.M. Remizov
34314,10503.jpg,Ilya Repin,Portrait of the Lawyer Vladimir Spasovitch
34316,18845.jpg,Boris Kustodiev,The boy at the fence
34336,27391.jpg,Jean-Baptiste-Camille Corot,Fontainebleau Black Oaks of Bas Breau
34343,27888.jpg,Pyotr Konchalovsky,Temple of Myrrh Bearers
34367,18317.jpg,Ilya Repin,Portrait of Jelizaveta Zvantseva
34376,24159.jpg,Ilya Repin,Portrait of the Singer Alexandra Molas
34414,101140.jpg,Jean-Baptiste-Camille Corot,Morning by the Water
34427,1276.jpg,Ilya Repin,Portrait of Maxim Gorky
34428,1795.jpg,Ilya Repin,Portrait of the Composer Anton Rubinstein
34431,20840.jpg,Ilya Repin,Dancing woman
34525,33620.jpg,Boris Kustodiev,February 27
34591,33219.jpg,Boris Kustodiev,Build a monastery
34619,31044.jpg,Paul Gauguin,A little washerman
34636,36787.jpg,Jean-Baptiste-Camille Corot,Woman Picking Flowers in a Pasture
34790,23146.jpg,Ilya Repin,Portrait of writer Leonid Nikolayevich Andreyev on a yacht
34792,3869.jpg,Boris Kustodiev,Russia. Russian type by B. Kustodiev
34827,31528.jpg,Paul Gauguin,Kneeling cow
34923,24563.jpg,Boris Kustodiev,Moscow Tavern
34953,12783.jpg,Ilya Repin,Duel between Onegin and Lenski
35042,39784.jpg,Martiros Saryan,Self-portrait
35072,101993.jpg,Ilya Repin,Portrait of Vengerov
35091,20045.jpg,Jean-Baptiste-Camille Corot,"Fontainebleau, Storm over the Plains"
35145,16939.jpg,Ilya Repin,The yield on the Red Porch
35154,10736.jpg,Boris Kustodiev,Sketch
35158,17839.jpg,Boris Kustodiev,Doctor-pharmacist and a second Khaldei
35161,19044.jpg,Boris Kustodiev,English polovoy and polshkiper
35204,28774.jpg,Pyotr Konchalovsky,Spain. Kaldetes. Oliva.
35213,12366.jpg,Boris Kustodiev,A young merchant's wife
35225,102878.jpg,Ilya Repin,Portrait of Ivan Ivanovich Shamshin
35227,27914.jpg,Ilya Repin,The young soldier. Parisian style
35277,36658.jpg,Pyotr Konchalovsky,At Lake Ilmen
35295,33644.jpg,Boris Kustodiev,"Boy with dog (Portrait of Cyril Kustodiev, son of the artist)"
35325,26061.jpg,Paul Gauguin,Whispered Words
35339,36728.jpg,Jean-Baptiste-Camille Corot,The Grape Harvest at Sevres
35373,20058.jpg,Boris Kustodiev,Finland bouquet
35381,24893.jpg,Ilya Repin,Portrait of Bella Gorskaya
35417,20366.jpg,Jean-Baptiste-Camille Corot,"Village at the Foot of a Hill, Ile de France"
35437,28247.jpg,Boris Kustodiev,Self Portrait 
35512,32463.jpg,Paul Gauguin,Two women (Flowered hair)
35517,35576.jpg,Ilya Repin,Portrait of V. K. Pleve
35519,15652.jpg,Boris Kustodiev,Portrait of F.A. Malyavin
35523,12521.jpg,Ilya Repin,Portrait of A.S. Matveev
35530,12884.jpg,Boris Kustodiev,House In Uspensky
35551,15919.jpg,Boris Kustodiev,Merchant
35571,36205.jpg,Pyotr Konchalovsky,Still Life with Flowers
35584,17534.jpg,Jean-Baptiste-Camille Corot,Young Algerian Woman Lying on the Grass
35690,33198.jpg,Ilya Repin,"Portrait of L.I. Shestakova, sister of composer Mikhail Glinka"
35710,17071.jpg,Jean-Baptiste-Camille Corot,Reclining Nymph
35738,25975.jpg,Ilya Repin,Portrait of the Artist Grigory Myasoedov
35761,28957.jpg,Ilya Repin,"Follow me, Satan"
35783,25013.jpg,Pyotr Konchalovsky,Aragvi
35841,24620.jpg,Ilya Repin,Nativity
35842,39458.jpg,Ilya Repin,"Portrait of Sergei Witte, Minister of Finance"
35867,32653.jpg,Pyotr Konchalovsky,On the deck of the trawler
35912,36532.jpg,Ilya Repin,"Portrait of T.S. Repina, mother of the artist"
35917,29500.jpg,Ilya Repin,Portrait of Folk Story-teller V.P. Schegolenkov
35920,25673.jpg,Pyotr Konchalovsky,Grenada
35951,24320.jpg,Jean-Baptiste-Camille Corot,Ville d'Avray The Boat Leaving the Shore
35958,17562.jpg,Ilya Repin,"Portrait of poet, prose writer, translator and dramatist Sergei Mitrofanovich Gorodetsky with his wife"
35976,28346.jpg,Boris Kustodiev,Varvara. Costume Design for Nikolai Ostrovsky's 'The Thunderstorm' 
36077,102543.jpg,Pyotr Konchalovsky,Rainbow
36129,15125.jpg,Ilya Repin,Peasant Girl
36135,33749.jpg,Ilya Repin,Hunchback
36142,10343.jpg,Ilya Repin,Portrait of music editor and patron Mitrofan Petrovich Belyayev
36193,16192.jpg,Boris Kustodiev,Portrait of Y.E. Kustodieva
36204,39537.jpg,Ilya Repin,Portrait of V.A. Zhirkevich
36261,33238.jpg,Jean-Baptiste-Camille Corot,The Swamp near the Big Tree and a Shepherdess
36266,2411.jpg,Boris Kustodiev,Portrait of I.I. Sadofev
36279,18209.jpg,Boris Kustodiev,Forest near the village Maureeno
36349,27031.jpg,Pyotr Konchalovsky,"Lake Hepoyarvi, Bathing"
36387,1685.jpg,Pyotr Konchalovsky,Still Life. Wildflowers.
36391,23331.jpg,Pyotr Konchalovsky,Spring Landscape with train
36417,25197.jpg,Boris Kustodiev,Portrait of Y.E. Kustodieva
36489,16759.jpg,Boris Kustodiev,Guys from Tula
36523,264.jpg,Jean-Baptiste-Camille Corot,"Florence, The Boboli Gardens"
36584,102273.jpg,Boris Kustodiev,Shrove-Tide 
36590,2948.jpg,Boris Kustodiev,School in Moscow Russia
36677,101773.jpg,Boris Kustodiev,Bishop
36705,10526.jpg,Jean-Baptiste-Camille Corot,The shepherd overlooking the rocky gorge
36738,2153.jpg,Pyotr Konchalovsky,Haymaking
36740,33633.jpg,Jean-Baptiste-Camille Corot,Dante and Virgil
36763,33700.jpg,Ilya Repin,Putting a Propagandist Under Arrest 
36805,19390.jpg,Paul Gauguin,Corner of the garden rue Carsal
36849,103197.jpg,Boris Kustodiev,Merchant festivities
36875,1614.jpg,Boris Kustodiev,Akaky Akakiyevich in the new coat
36892,29507.jpg,Jean-Baptiste-Camille Corot,View of Pierrefonds
36898,35439.jpg,Paul Gauguin,Still life with oysters
36916,31743.jpg,Jean-Baptiste-Camille Corot,The Promenade du Poussin (Roman Campagna)
36972,21713.jpg,Ilya Repin,Putting a Propagandist Under Arrest 
36978,103102.jpg,Boris Kustodiev,Portrait of V. Shishkov
36987,34173.jpg,Jean-Baptiste-Camille Corot,Stoller in the Fontainebleau Forest
37137,101831.jpg,Ilya Repin,The Village of Mokhnachi near Chuguyev
37138,100651.jpg,Ilya Repin,Portrait of P.P. Chistyakov
37153,2058.jpg,Paul Gauguin,Woman with a Mango
37157,13561.jpg,Jean-Baptiste-Camille Corot,Forest Clearing in the Limousin
37271,31517.jpg,Boris Kustodiev,Portrait of P.A. Vlasov
37343,1081.jpg,Boris Kustodiev,Portrait of Isaak Izrailevich Brodsky
37376,134.jpg,Pyotr Konchalovsky,Cassis. The view from the window.
37380,14638.jpg,Boris Kustodiev,Gate (Laputin's house)
37454,39615.jpg,Jean-Baptiste-Camille Corot,Lormes Shepherdess Sitting under Trees beside a Stream
37478,28344.jpg,Boris Kustodiev,Winter
37484,25362.jpg,Boris Kustodiev,Portrait of M.D. Shostakovich
37494,2915.jpg,Boris Kustodiev,Hard rime
37498,23722.jpg,Ilya Repin,"Sketch for the painting Ceremonial Meeting of the State Council on May 7, 1901"
37499,19454.jpg,Ilya Repin,Watch
37500,29105.jpg,Boris Kustodiev,Arable
37640,23218.jpg,Boris Kustodiev,Harvester
37670,31764.jpg,Jean-Baptiste-Camille Corot,"Fields with a Village on the Horizon, Two Figures in the Foreground"
37704,3588.jpg,Ilya Repin,Portrait of Tatiana Rechinskay
37737,18060.jpg,Jean-Baptiste-Camille Corot,Aqueduct
37770,13079.jpg,Boris Kustodiev,Alexander Murashko at work on a collective picture of the Model statement in the studio of Ilya Repin
37787,20442.jpg,Paul Gauguin,Returning from the harvest (Manuring)
37812,35254.jpg,Ilya Repin,Portrait of writer  Yevgeny Nikolayevich Chirikov
37831,19540.jpg,Boris Kustodiev,Venice. Quay Grand Canal with views of the island of San Giorgio
37862,2202.jpg,Jean-Baptiste-Camille Corot,"Lormes, A Waterfall with a Standing Peasant, Spinning Wool"
37942,10596.jpg,Boris Kustodiev,Portrait of F.K. Sologub
38022,34559.jpg,Ilya Repin,Portrait of a kalmyk
38055,17490.jpg,Paul Gauguin,The loss of virginity (Awakening of spring)
38085,16393.jpg,Boris Kustodiev,Portrait of Ilya Repin 
38115,26084.jpg,Paul Gauguin,Orana Maria (Hail Maria)
38116,32054.jpg,Paul Gauguin,Flutist on the cliffs
38204,2589.jpg,Paul Gauguin,Still life with Japanese print
38214,25536.jpg,Ilya Repin,Fireman
38446,1483.jpg,Boris Kustodiev,Autumn 
38564,101699.jpg,Jean-Baptiste-Camille Corot,Pensive Oriental
38576,26005.jpg,Boris Kustodiev,Grazing horses
38593,21668.jpg,Ilya Repin,Landscape of the Volga with boats
38602,14953.jpg,Boris Kustodiev,Portrait of Martha and Marina Chaliapin
38616,14059.jpg,Paul Gauguin,Autumn Landscape (Farm and pond)
38628,101704.jpg,Pyotr Konchalovsky,Turkey with the family
38656,18210.jpg,Ilya Repin,Sleeping Cossack
38662,30731.jpg,Ilya Repin,"Portrait of War Minister, infantry general and member of State Council State Aleksei Nikolayevich Kuropatkin"
38694,13464.jpg,Pyotr Konchalovsky,Still Life. Lilacs in two baskets.
38731,32939.jpg,Pyotr Konchalovsky,"Portrait of Dmitry Petrovich Konchalovsky historian, brother of the artist"
38753,29687.jpg,Boris Kustodiev,Self Portrait near the Window
38754,17564.jpg,Boris Kustodiev,Senator P.A. Saburov
38780,101452.jpg,Paul Gauguin,Clearing
38892,35475.jpg,Ilya Repin,The Concert in the Assembly of Nobility
38925,26351.jpg,Pyotr Konchalovsky,Paris. Azaleas in a pot.
38936,29719.jpg,Boris Kustodiev,At The Fair
38954,25728.jpg,Ilya Repin,Portrait of the Poet Voinov
38998,39571.jpg,Pyotr Konchalovsky,House in Abramtsevo
39039,101464.jpg,Jean-Baptiste-Camille Corot,"Evening Landscape (The Ferryman, Evening)"
39089,20574.jpg,Jean-Baptiste-Camille Corot,Peasant from Ville d'Avray and her Child among Two Trees at the Bank of a Pond
39106,2172.jpg,Boris Kustodiev,Merchant with his wife
39155,21301.jpg,Ilya Repin,"Portrait of  Vice Minister of the Interior, cavalry general and member of State Council, Count Aleksey Pavlovich Ignatiev (Study)"
39167,28003.jpg,Boris Kustodiev,Frontispiece
39197,30342.jpg,Jean-Baptiste-Camille Corot,Crecy en Brie Road in the Country
39286,21802.jpg,Boris Kustodiev,Konkol (Finland)
39298,35716.jpg,Ilya Repin,Portrait of N.V. Delyarov
39318,34588.jpg,Jean-Baptiste-Camille Corot,The Mother Superior of the Convent of the Annonciades
39345,26245.jpg,Pyotr Konchalovsky,Digitalis
39351,20711.jpg,Ilya Repin,Portrait of A.I. Shevtsov
39362,10923.jpg,Ilya Repin,Portrait of Count K.N. Palen
39384,1636.jpg,Paul Gauguin,Breton Girls by the sea 
39388,37424.jpg,Jean-Baptiste-Camille Corot,Gypsy with a Basque Tamborine
39396,1571.jpg,Jean-Baptiste-Camille Corot,A Road through the Trees
39406,103240.jpg,Paul Gauguin,Willows 
39492,30852.jpg,Ilya Repin,Exit of Patriarch Hermogenes
39542,32093.jpg,Boris Kustodiev,From Fishing
39549,10015.jpg,Ilya Repin,A bouquet of flowers
39608,33551.jpg,Boris Kustodiev,Frosty Morning  
39685,24365.jpg,Pyotr Konchalovsky,"Still Life. Table, books, and the pipes."
39719,22876.jpg,Jean-Baptiste-Camille Corot,The Mill in the Trees
39736,2054.jpg,Jean-Baptiste-Camille Corot,Venice Gondola on Grand Canal
39745,28888.jpg,Boris Kustodiev,In the rooms
39824,12112.jpg,Jean-Baptiste-Camille Corot,Saint Sebastian in a Landscape
39908,12692.jpg,Jean-Baptiste-Camille Corot,"A Village Street, Dardagny"
39922,38600.jpg,Ilya Repin,Horse for the stones collecting in the Vela
39932,15098.jpg,Martiros Saryan,The curtain of the State Drama Theater of Armenia
39988,17110.jpg,Boris Kustodiev,Portrait of A.K. Mineev
40000,22676.jpg,Ilya Repin,Carrying Horse  
40042,18599.jpg,Ilya Repin,Portrait of the writer N.B. Nordman-Severova
40083,21332.jpg,Jean-Baptiste-Camille Corot,Volterra
40110,35537.jpg,Boris Kustodiev,Self Portrait 
40122,20049.jpg,Boris Kustodiev,Portrait of Y.E. Kustodieva
40155,18513.jpg,Ilya Repin,Putting a Propagandist Under Arrest
40158,37907.jpg,Paul Gauguin,Cliff near Dieppe
40176,13028.jpg,Ilya Repin,"Portrait of Nadezhda Repina, the Artist's Daughter"
40217,25148.jpg,Pyotr Konchalovsky,Silver and Crystal
40222,103225.jpg,Paul Gauguin,Calvaire breton 
40247,101582.jpg,Ilya Repin,Portrait of Sidor Shavrov
40250,32218.jpg,Boris Kustodiev,Meeting on the corner
40251,102600.jpg,Boris Kustodiev,Portrait of Y.E. Kustodieva
40283,100542.jpg,Boris Kustodiev,Portrait of A.N. Protasova
40293,1598.jpg,Boris Kustodiev,Akaky Akakiyevich on Nevsky Prospekt
40314,22466.jpg,Jean-Baptiste-Camille Corot,The Lac de Nemi
40341,32619.jpg,Ilya Repin,Self portrait at work
40409,34602.jpg,Boris Kustodiev,Sketch of Poster City gives Textiles
40453,15113.jpg,Boris Kustodiev,Akaky Akakiyevich visiting Petrovich
40517,11123.jpg,Martiros Saryan,Church Karmravor of VII century
40658,2623.jpg,Jean-Baptiste-Camille Corot,Courtyard of a bakery near Paris (Courtyard of a House near Paris)
40671,102480.jpg,Pyotr Konchalovsky,Rosehip and Jasmine
40705,20898.jpg,Boris Kustodiev,Tower
40741,10436.jpg,Jean-Baptiste-Camille Corot,Fisherman Boating along a Wooded Landscape
40813,27148.jpg,Boris Kustodiev,Portrait of I.M. Markov
40957,28512.jpg,Pyotr Konchalovsky,Cassis
40995,102181.jpg,Boris Kustodiev,"Cover for the novel by Alexander Pushkin ""Dubrovsky"""
41015,30951.jpg,Jean-Baptiste-Camille Corot,Breton Women at the Well near Batz
41062,100447.jpg,Ilya Repin,Ballet scene
41065,15977.jpg,Ilya Repin,"Sketch for the painting Ceremonial Meeting of the State Council on May 7, 1901"
41151,34838.jpg,Jean-Baptiste-Camille Corot,Souvenir of Mortefontaine
41268,36078.jpg,Jean-Baptiste-Camille Corot,"Peasants Under the Trees at Dawn, Morvan"
41274,18101.jpg,Ilya Repin,Ukrainian peasant house
41283,3664.jpg,Ilya Repin,Portrait of the Artist Valentin Serov
41310,36908.jpg,Jean-Baptiste-Camille Corot,Landscape Composition Italian Scenery
41351,24425.jpg,Paul Gauguin,Crouching Tahitian woman
41445,35293.jpg,Ilya Repin,To his homeland. The hero of the last war
41500,10145.jpg,Boris Kustodiev,Portrait of K.S. Petrov-Vodkin
41569,11821.jpg,Jean-Baptiste-Camille Corot,Young Italian Woman from Papigno with Her Spindle
41710,24165.jpg,Jean-Baptiste-Camille Corot,"Goatherd Standing, Playing the Flute under the Trees"
41759,2012.jpg,Ilya Repin,Self portrait
41805,1653.jpg,Ilya Repin,Death of Fedor Chizhov 
41913,38425.jpg,Jean-Baptiste-Camille Corot,The goat herd of Genzano
41924,27692.jpg,Ilya Repin,Maxim Gorky reading in The Penates his drama Children of the Sun
41954,13160.jpg,Jean-Baptiste-Camille Corot,Rebecca
41955,15334.jpg,Pyotr Konchalovsky,Delphinium and Rose
42011,31456.jpg,Jean-Baptiste-Camille Corot,A Farm in the Nievre
42055,33865.jpg,Ilya Repin,Aleksander III receiving rural district elders in the yard of Petrovsky Palace in Moscow
42132,3245.jpg,Jean-Baptiste-Camille Corot,"Near Rotterdam, Small Houses on the Banks of a Canal"
42148,30370.jpg,Ilya Repin,Portrait of J.M. Vengerov
42182,100051.jpg,Jean-Baptiste-Camille Corot,"Morning, Fog Effect"
42220,38229.jpg,Pyotr Konchalovsky,Novgorod. Returning from the fair.
42284,101876.jpg,Ilya Repin,Emperor Nicholas I and Empress Alexandra Feodorovna
42288,36832.jpg,Boris Kustodiev,Self Portrait 
42413,33978.jpg,Paul Gauguin,Breton Eve
42456,16796.jpg,Boris Kustodiev,Policeman
42526,32509.jpg,Jean-Baptiste-Camille Corot,"Portrait of Madame Langeron, Four Years Old"
42614,13241.jpg,Jean-Baptiste-Camille Corot,Figures in a Forest
42631,101696.jpg,Boris Kustodiev,Staraya Russa
42671,101293.jpg,Martiros Saryan,Geghama mountains
42672,13271.jpg,Martiros Saryan,Still life
42755,3444.jpg,Boris Kustodiev,Portrait of S. Somov
42820,30633.jpg,Martiros Saryan,Caravan
42852,16608.jpg,Martiros Saryan,Wisteria
42883,12170.jpg,Martiros Saryan,A street. Constantinople.
42900,28399.jpg,Ilya Repin,Historian Nikolai Kostomarov in a coffin
42926,20368.jpg,Martiros Saryan,Midday Silence
42989,23450.jpg,Ilya Repin,Portrait of N.I. Repina
43052,16897.jpg,Martiros Saryan,Noon
43125,100319.jpg,Martiros Saryan,Bouquet of flowers
43163,33133.jpg,Paul Gauguin,Still life with Oranges
43166,16247.jpg,Martiros Saryan,Portrait of Mnatsakan Gyulnazaryan
43222,100082.jpg,Jean-Baptiste-Camille Corot,"Nemi, the Lake's Edge"
43305,16321.jpg,Martiros Saryan,Illustration for book by V. Totovents 'Life on the old Roman road'
43367,10860.jpg,Ilya Repin,Portrait of Anton Rubinstein
43392,29946.jpg,Jean-Baptiste-Camille Corot,La Rochelle Quarry near the Port Entrance
43399,22850.jpg,Paul Gauguin,"China Asters, Hat and Book"
43426,37861.jpg,Jean-Baptiste-Camille Corot,"Rome, the Basilica of Constantine"
43436,25199.jpg,Ilya Repin,Monk Filaret Imprisoned in the Antonievo-Siyskiy Monastery
43530,12741.jpg,Ilya Repin,"The sergeant, from the back, lit by the sun"
43596,27737.jpg,Pyotr Konchalovsky,Cassis
43644,23806.jpg,Jean-Baptiste-Camille Corot,"View of the Grand Canal, Venice, from the Riva degli Schiavone"
43663,27259.jpg,Ilya Repin,Old farmer
43858,36419.jpg,Jean-Baptiste-Camille Corot,Young Girl Seated in a Meadow
43977,103033.jpg,Ilya Repin,Leo Tolstoy barefoot
44199,3674.jpg,Jean-Baptiste-Camille Corot,The Church at Lormes
44305,22557.jpg,Ilya Repin,Madonna with Child
44326,2643.jpg,Jean-Baptiste-Camille Corot,Cow in a Stable (also known as The Black Cow)
44328,34764.jpg,Jean-Baptiste-Camille Corot,"Dunkirk, the Fishing Docks"
44404,302.jpg,Ilya Repin,The Courtyard of Petrovsky Palace
44449,19140.jpg,Jean-Baptiste-Camille Corot,"The Roman Cammagna, with the Tiber"
44469,27818.jpg,Jean-Baptiste-Camille Corot,The Greek Girl
44489,101061.jpg,Martiros Saryan,Yerevan autumn still life
44589,30506.jpg,Jean-Baptiste-Camille Corot,"Boid Guillaumi, near Rouen A Gate Flanked by Two Posts"
44626,22828.jpg,Martiros Saryan,Peonies
44632,102812.jpg,Jean-Baptiste-Camille Corot,The Bridge at Grez sur Loing
44648,30867.jpg,Ilya Repin,The Reply of the Zaporozhian Cossacks to Sultan Mahmoud IV
44729,35043.jpg,Ilya Repin,Female figure in a landscape
44867,11234.jpg,Martiros Saryan,Persian woman
44877,38275.jpg,Pyotr Konchalovsky,Still Life. White partridge.
44906,36431.jpg,Paul Gauguin,Nevermore
45076,30935.jpg,Ilya Repin,Ecce homo
45170,30828.jpg,Martiros Saryan,Aragats and Mount Ara
45192,28948.jpg,Martiros Saryan,On the horse
45282,17866.jpg,Ilya Repin,"Stone Guest, Don Juan and Donna Anna"
45308,20608.jpg,Pyotr Konchalovsky,The first step
45342,14430.jpg,Pyotr Konchalovsky,Bouquet
45460,28082.jpg,Paul Gauguin,Still life with Tahitian oranges
45467,29049.jpg,Pyotr Konchalovsky,Balaklava. The window. (The grapes on the table).
45486,38520.jpg,Martiros Saryan,Sketch of book cover 'Martiros Saryan'
45618,1942.jpg,Martiros Saryan,Meadow flowers
45700,33380.jpg,Martiros Saryan,Sketch of book cover 'Martiros Saryan'
45811,24847.jpg,Martiros Saryan,Walking woman
45815,38153.jpg,Paul Gauguin,Blue Barge
45826,24138.jpg,Pyotr Konchalovsky,Sawyers
46233,12699.jpg,Paul Gauguin,Woman with a Flower
46235,17947.jpg,Martiros Saryan,Under the trees
46249,13982.jpg,Ilya Repin,Portrait of L.P. Steinheil
46285,18380.jpg,Jean-Baptiste-Camille Corot,The Baptism of Christ
46297,20083.jpg,Ilya Repin,Wanderer
46431,19667.jpg,Jean-Baptiste-Camille Corot,The Forest of Fontainebleau
46436,20163.jpg,Ilya Repin,Portrait of countess Sophia Vladimirovna Panina
46575,27135.jpg,Paul Gauguin,Orana Maria (We Hail Thee Mary)
46818,12759.jpg,Martiros Saryan,Steppe flowers
46819,15351.jpg,Martiros Saryan,Flowers of Sambek
46834,39812.jpg,Martiros Saryan,Portrait of Academician Josef Orbeli
47042,22454.jpg,Jean-Baptiste-Camille Corot,Landscape
47121,24872.jpg,Martiros Saryan,Fruits and vegetables
47124,22546.jpg,Martiros Saryan,Poppies
47134,28666.jpg,Martiros Saryan,Shepherd
47275,22245.jpg,Jean-Baptiste-Camille Corot,Souvenir of Arricia
47362,29338.jpg,Jean-Baptiste-Camille Corot,"Monk in White, Seated, Reading"
47388,22666.jpg,Jean-Baptiste-Camille Corot,Fishermen in a Boat
47451,39442.jpg,Pyotr Konchalovsky,Kuntsevo. Cottage.
47645,15246.jpg,Paul Gauguin,Tahitian woman's head
47673,23359.jpg,Martiros Saryan,Portrait of mathematics Artashes Shahinyan
47917,18840.jpg,Jean-Baptiste-Camille Corot,Louise Laure Baudot at Nine Years
47930,33556.jpg,Martiros Saryan,Pomegranate
47939,33496.jpg,Martiros Saryan,Ararat and Saint Hripsime Church
47978,17764.jpg,Martiros Saryan,A yard
48015,37164.jpg,Ilya Repin,"Follow me, Satan"
48033,2699.jpg,Ilya Repin,Black Sea outlaws
48055,16904.jpg,Martiros Saryan,Street in Barfrush
48062,31721.jpg,Martiros Saryan,Flowers in the workshop
48114,26452.jpg,Paul Gauguin,The guitar player
48168,33950.jpg,Martiros Saryan,Mother of the artist
48219,39381.jpg,Martiros Saryan,Still Life (Cyclamen)
48267,29170.jpg,Martiros Saryan,May roses
48339,2995.jpg,Martiros Saryan,Flowers of Stepanavan
48393,3613.jpg,Martiros Saryan,Spring flowers
48651,33927.jpg,Martiros Saryan,Irises and poppies
48660,21645.jpg,Martiros Saryan,Banks of the river Zangu near Yerevan
48815,17325.jpg,Jean-Baptiste-Camille Corot,Jimieges
48865,11008.jpg,Pyotr Konchalovsky,Balaklava. Fishing nets.
48910,36327.jpg,Martiros Saryan,Portrait of critic Garegin Levonian
48950,16394.jpg,Pyotr Konchalovsky,Still Life. Vegetables.
48976,2104.jpg,Pyotr Konchalovsky,San
49010,2435.jpg,Ilya Repin,Portrait of E. Zvantseva
49123,12969.jpg,Martiros Saryan,Arabian dancer
49155,3541.jpg,Martiros Saryan,Still life
49169,36214.jpg,Martiros Saryan,Self-portrait
49543,38211.jpg,Paul Gauguin,Young Breton Woman
49549,28465.jpg,Martiros Saryan,Portrait of the pianist Konstantin Igumnov
49750,18059.jpg,Martiros Saryan,Cover of G. Mahari's book 'Childhood' (the first part of trilogy)
49757,28748.jpg,Martiros Saryan,Portrait of conductor Constantine Sarajev
49894,12194.jpg,Jean-Baptiste-Camille Corot,Italian Woman Sitting and Playing the Mandolin
49998,28470.jpg,Ilya Repin,The model
50160,25012.jpg,Martiros Saryan,Fairy tale
50164,28850.jpg,Martiros Saryan,Still life.Fruits.
50184,35652.jpg,Martiros Saryan,Red horse
50298,35632.jpg,Jean-Baptiste-Camille Corot,Forest in Fontainbleau
50303,14384.jpg,Ilya Repin,Young ladys walk among herd of cow
50312,100222.jpg,Jean-Baptiste-Camille Corot,Rouen Seen from Hills Overlooking the City
50339,23441.jpg,Martiros Saryan,Landscape. Mount Aragats.
50499,3534.jpg,Martiros Saryan,Armenia
50500,33171.jpg,Martiros Saryan,Mount Shamiram
50641,2911.jpg,Ilya Repin,Ukranian Girl by a Fence
50753,20085.jpg,Pyotr Konchalovsky,Lilacs by the window
50831,2831.jpg,Martiros Saryan,Fairy tale. At the foot of Mount Ararat.
50844,3284.jpg,Martiros Saryan,Constantinople
50956,3147.jpg,Martiros Saryan,Fellah village
50974,31316.jpg,Ilya Repin,Portrait of writer Vsevolod Mikhailovich Garshin
50983,16000.jpg,Ilya Repin,The Blond (Portrait of Tevashova) 
51024,15313.jpg,Martiros Saryan,Spring day
51059,35206.jpg,Martiros Saryan,Mountain landscape
51079,17872.jpg,Martiros Saryan,Illustration for the fable 'The Crow and the Fox'
51126,101449.jpg,Martiros Saryan,Flowers against the backdrop of carpet
51144,10866.jpg,Martiros Saryan,April landscape
51271,2499.jpg,Jean-Baptiste-Camille Corot,Ville d'Avray
51304,22271.jpg,Martiros Saryan,Mount Aragats
51316,3126.jpg,Martiros Saryan,A lilac bush
51368,34357.jpg,Martiros Saryan,At Sambek
51372,102100.jpg,Martiros Saryan,Portrait of Academician Stepan Malkhasyan
51484,37142.jpg,Martiros Saryan,From the Aragats' slopes
51485,2254.jpg,Martiros Saryan,In the garden
51488,10576.jpg,Martiros Saryan,Trees in blossom
51514,31224.jpg,Martiros Saryan,Spring in my garden
51580,36090.jpg,Martiros Saryan,Ararat
51651,26353.jpg,Martiros Saryan,Partridge
51757,38465.jpg,Jean-Baptiste-Camille Corot,Roman Countryside Rocky Valley with a Herd of Pigs
51800,34509.jpg,Martiros Saryan,A room
51894,39025.jpg,Martiros Saryan,Ravine
51896,37518.jpg,Martiros Saryan,In front of the mirror (Lusik)
51904,13637.jpg,Paul Gauguin,At the Foot of the Mountain
52006,12270.jpg,Martiros Saryan,Buddhist still life
52027,21785.jpg,Martiros Saryan,Landscape with mountains
52086,12617.jpg,Martiros Saryan,Armenian village
52104,14831.jpg,Jean-Baptiste-Camille Corot,Lake Piediluco
52136,35860.jpg,Martiros Saryan,Persian house
52140,10582.jpg,Martiros Saryan,Dream
52209,25473.jpg,Martiros Saryan,Under the trees
52279,22267.jpg,Martiros Saryan,Surb Khach
52327,27072.jpg,Martiros Saryan,"Flowers, lemons, oranges"
52338,31151.jpg,Martiros Saryan,Armenia
52361,17816.jpg,Paul Gauguin,A big tree
52388,2602.jpg,Martiros Saryan,Flowers of Dilijan
52389,15702.jpg,Paul Gauguin,Scene from Tahitian Life
52444,13304.jpg,Martiros Saryan,In the shadow
52456,15440.jpg,Martiros Saryan,Panthers
52463,35038.jpg,Martiros Saryan,Yield of potatoes
52555,34774.jpg,Martiros Saryan,Seller of lemonade
52581,15493.jpg,Martiros Saryan,Ararat
53044,36364.jpg,Paul Gauguin,In Brittany
53062,19284.jpg,Martiros Saryan,Armenian village
53209,32584.jpg,Paul Gauguin,Arearea I
53225,18989.jpg,Pyotr Konchalovsky,Still life
53334,3270.jpg,Martiros Saryan,Armenian Mountains
53457,14911.jpg,Martiros Saryan,Poppies
53463,30403.jpg,Paul Gauguin,Tehamana has many parents (The Ancestors of Tehamana)
53582,18812.jpg,Martiros Saryan,Landscape of Armenia
53686,17151.jpg,Pyotr Konchalovsky,Conductress
53712,100093.jpg,Martiros Saryan,In the Caucasus (Tiflis)
53835,21114.jpg,Martiros Saryan,In old Yerevan
53884,31278.jpg,Jean-Baptiste-Camille Corot,Souvenir of Italy
53894,36390.jpg,Martiros Saryan,In the springtime
53969,10975.jpg,Martiros Saryan,On Marna. Yerevan.
54021,1118.jpg,Paul Gauguin,Self Portrait
54064,34650.jpg,Martiros Saryan,Landscape. Kalaki.
54087,22171.jpg,Pyotr Konchalovsky,Still Life. Peonies in a basket.
54338,24403.jpg,Jean-Baptiste-Camille Corot,Ville d'Avray
54353,33414.jpg,Martiros Saryan,Plowing
54419,28576.jpg,Martiros Saryan,"Illustration to Yeghishe Charents' ""Country of Nairi"""
54569,25351.jpg,Paul Gauguin,The Meal (The Bananas) 
54672,32926.jpg,Martiros Saryan,Gardens and Ararat
54845,31406.jpg,Martiros Saryan,Construction of the People's House
54846,22051.jpg,Martiros Saryan,Armenia
54854,38531.jpg,Martiros Saryan,Peasants
54888,29978.jpg,Pyotr Konchalovsky,Still Life. Apples in a sieve.
54924,191.jpg,Martiros Saryan,Illustration for tale of Hovhannes Tumanyan 'Wolf'
55032,38243.jpg,Paul Gauguin,At the Window
55104,37106.jpg,Paul Gauguin,And the Gold of Their Bodies 
55139,13219.jpg,Pyotr Konchalovsky,Matador Manuel Gartha
55220,20139.jpg,Pyotr Konchalovsky,Alder against the sun
55349,20492.jpg,Martiros Saryan,Landscape with capra
55449,39354.jpg,Jean-Baptiste-Camille Corot,Temple of Minerva Medica
55471,39270.jpg,Martiros Saryan,Gohtan mountains
55486,29134.jpg,Jean-Baptiste-Camille Corot,The Bridge at Nantes
55569,15785.jpg,Martiros Saryan,Study to 'Self-portrait. Three ages.'
55583,101402.jpg,Pyotr Konchalovsky,Breads and the tray
55687,103032.jpg,Martiros Saryan,Illustration to poem by A. Isahakyan 'Abu Lala Mahari'
55694,12490.jpg,Martiros Saryan,Mountain landscape
55722,37403.jpg,Martiros Saryan,Flower
56113,20210.jpg,Jean-Baptiste-Camille Corot,The Verdant Bank
56137,102605.jpg,Martiros Saryan,Alexander Tamanyan
56271,30963.jpg,Paul Gauguin,The month of Maria
56294,28397.jpg,Paul Gauguin,Portrait of Meyer de Haan by Lamplight
56580,20248.jpg,Paul Gauguin,Nativity
56766,39040.jpg,Paul Gauguin,Still life with mangoes
56948,24202.jpg,Paul Gauguin,Where Do We Come From? What Are We? Where Are We Going?
57235,26462.jpg,Paul Gauguin,The Great Buddha
57236,10927.jpg,Paul Gauguin,Black pigs
57580,27928.jpg,Martiros Saryan,Design for opera by A. Spendiarov 'Almast'
57582,39878.jpg,Pyotr Konchalovsky,Roses and asparagus
57584,28852.jpg,Jean-Baptiste-Camille Corot,Dieppe End of a Pier and the Sea
57600,12422.jpg,Martiros Saryan,In Armenia
57627,19852.jpg,Paul Gauguin,The Seine at the Pont d'Iena
57686,33236.jpg,Jean-Baptiste-Camille Corot,Landscape with Peasant Girl
57719,20664.jpg,Paul Gauguin,Mandolina and Flowers
57807,35473.jpg,Jean-Baptiste-Camille Corot,Trees and Rocks at La Serpentara
57920,13508.jpg,Martiros Saryan,Fellah village
58504,17792.jpg,Jean-Baptiste-Camille Corot,"Two Italians, an Old Man and a Young Boy"
58549,100281.jpg,Martiros Saryan,Enchantment of the Sun
58622,100547.jpg,Pyotr Konchalovsky,Portrait of V. V. Ivanov
58638,24946.jpg,Pyotr Konchalovsky,The bridge of the Apostles in Venice
58786,19699.jpg,Paul Gauguin,The rider in front of the hub
58965,28477.jpg,Pyotr Konchalovsky,Study
59079,100786.jpg,Martiros Saryan,Mount Ararat
59289,3322.jpg,Pyotr Konchalovsky,Still Life. Pantry.
59458,17712.jpg,Jean-Baptiste-Camille Corot,Rocks at Civita Castellana
59497,31850.jpg,Pyotr Konchalovsky,Portrait of the son
59807,19387.jpg,Martiros Saryan,Portrait of Avetik Isahakyan
60174,32822.jpg,Pyotr Konchalovsky,Still Life with a Coffeepot
60594,2090.jpg,Paul Gauguin,The moment of truth I
60687,28320.jpg,Martiros Saryan,Illustration to 'Armenian folk tales'
60797,101460.jpg,Martiros Saryan,Aragats
61115,30180.jpg,Martiros Saryan,Still life
61181,33996.jpg,Pyotr Konchalovsky,Portrait of the historian Nikolai Alexandrovich Geynike
62051,24780.jpg,Pyotr Konchalovsky,Workbench
62072,101688.jpg,Paul Gauguin,Words of the Devil
62145,15238.jpg,Martiros Saryan,Illustration to 'Armenian folk tales'
62361,38573.jpg,Jean-Baptiste-Camille Corot,The Cart
62369,28546.jpg,Martiros Saryan,Flowers of Sevan Pass
62574,34243.jpg,Martiros Saryan,Illustration to 'Armenian folk tales'
62618,3468.jpg,Martiros Saryan,Illustration to 'Armenian folk tales'
62778,24925.jpg,Pyotr Konchalovsky,Essentuki
63121,37828.jpg,Paul Gauguin,Portrait of William Molard
63286,34156.jpg,Paul Gauguin,Fire Dance
63399,37344.jpg,Pyotr Konchalovsky,Still life with red gladioli
63850,23898.jpg,Pyotr Konchalovsky,Still Life with a Samovar
63935,10588.jpg,Pyotr Konchalovsky,Bathing boys
64009,35222.jpg,Pyotr Konchalovsky,Margot is dancing
64097,13264.jpg,Pyotr Konchalovsky,Leningrad. Neva.
64166,30908.jpg,Pyotr Konchalovsky,Murmansk. Tulomstroy. Spillway.
64503,32579.jpg,Pyotr Konchalovsky,Begonias
64523,15352.jpg,Martiros Saryan,Ararat
64741,32478.jpg,Pyotr Konchalovsky,Esther
64779,36332.jpg,Pyotr Konchalovsky,Still Life. Flowers in pink.
65293,23509.jpg,Pyotr Konchalovsky,Veranda. Essentuki.
65519,11852.jpg,Pyotr Konchalovsky,Still Life. Apples on a table near the stove.
65893,30682.jpg,Pyotr Konchalovsky,Crimea. Alupka.
66115,35646.jpg,Pyotr Konchalovsky,Still Life. Candlestick and pear.
66548,15051.jpg,Pyotr Konchalovsky,Katya with grains
66644,14899.jpg,Pyotr Konchalovsky,Female nude
66708,26876.jpg,Pyotr Konchalovsky,Lilac
67666,100496.jpg,Pyotr Konchalovsky,Still Life. Four bouquets on the table and watering can.
69456,101334.jpg,Jean-Baptiste-Camille Corot,Orpheus Lamenting Eurydice
71287,17308.jpg,Pyotr Konchalovsky,"Costume design for the opera Don Giovanni by Wolfgang Amadeus Mozart, 'Don Giovanni'"
71494,101647.jpg,Jean-Baptiste-Camille Corot,View near Epernon
71753,18530.jpg,Jean-Baptiste-Camille Corot,"Dinan, a gate of  the town"
72172,26529.jpg,Pyotr Konchalovsky,Venice. Rialto Bridge.
73249,1744.jpg,Pyotr Konchalovsky,A Bridge. The Vorya River. Abramtsevo.
73339,102527.jpg,Pyotr Konchalovsky,Still Life. Beer and roach.
73484,36996.jpg,Jean-Baptiste-Camille Corot,The Dreamer
73717,21042.jpg,Jean-Baptiste-Camille Corot,Ville d'Avray
73805,27853.jpg,Pyotr Konchalovsky,Apples on the window
73890,21588.jpg,Pyotr Konchalovsky,Bridge in Abramtsevo
74001,15439.jpg,Pyotr Konchalovsky,Portrait of S. P. Konchalovsky with her daughter
74003,10044.jpg,Pyotr Konchalovsky,Still Life. Morning Lilac.
74527,31375.jpg,Pyotr Konchalovsky,Cassis. Ships.
74631,35296.jpg,Pyotr Konchalovsky,Rural Landscape
74759,1957.jpg,Pyotr Konchalovsky,Bridge
75026,29025.jpg,Pyotr Konchalovsky,Not expected
75910,36491.jpg,Pyotr Konchalovsky,Pasha on flowers
76003,22982.jpg,Pyotr Konchalovsky,A house in Belkino
76058,39036.jpg,Pyotr Konchalovsky,The trees behind the fence
76103,24332.jpg,Pyotr Konchalovsky,The construction of bathhouse
76162,10886.jpg,Pyotr Konchalovsky,A boy with a cock
76166,29333.jpg,Pyotr Konchalovsky,The river. Leafless trees.
76220,24061.jpg,Pyotr Konchalovsky,Kazbek
76222,34963.jpg,Pyotr Konchalovsky,Still Life. Oranges and radishes. Kislovodsk.
76224,29046.jpg,Pyotr Konchalovsky,Herd
76271,39892.jpg,Pyotr Konchalovsky,Krylatskoye. Autumn.
76429,34790.jpg,Pyotr Konchalovsky,Still Life. Lilacs 'Pyotr Konchalovsky'.
76461,32246.jpg,Pyotr Konchalovsky,Pine tree
76479,28707.jpg,Pyotr Konchalovsky,Still Life. Bird cherry.
76512,23286.jpg,Pyotr Konchalovsky,Venice. Palazzo Ducale.
76555,38174.jpg,Pyotr Konchalovsky,Bridge
76600,24678.jpg,Pyotr Konchalovsky,Portrait art critic Capitolina Vladimirovna Frolova
76601,21105.jpg,Pyotr Konchalovsky,Lilac in the wicker chair
76687,11471.jpg,Pyotr Konchalovsky,"Portrait of Pyotr Konchalovsky, the son of the artist"
76799,103139.jpg,Pyotr Konchalovsky,Airedale
76863,15395.jpg,Pyotr Konchalovsky,Rocks in Sorrento
76867,37742.jpg,Pyotr Konchalovsky,Marcus Aurelius (Rome Capitol)
76966,38625.jpg,Pyotr Konchalovsky,Portrait of Angelina Borisovna Kemenova
77054,32013.jpg,Pyotr Konchalovsky,The road. Dry wood.
77055,1692.jpg,Pyotr Konchalovsky,Spinner
77153,25195.jpg,Pyotr Konchalovsky,Lilacs
77203,29154.jpg,Pyotr Konchalovsky,The window. Balsams.
77204,15947.jpg,Pyotr Konchalovsky,Spring. Open door on the balcony.
77262,14075.jpg,Pyotr Konchalovsky,Still Life. Begonias.
77265,25848.jpg,Pyotr Konchalovsky,"Pines, lit by the sun"
77434,21216.jpg,Pyotr Konchalovsky,Balaklava. Window to the sea.
77479,35337.jpg,Pyotr Konchalovsky,Still Life. Flowers in the banks. Begonias.
77481,29328.jpg,Pyotr Konchalovsky,Portrait of Pascar
77553,10635.jpg,Pyotr Konchalovsky,The head of Frenchwoman
77555,2788.jpg,Pyotr Konchalovsky,Portrait of a historian V. S. Protopopov
77667,31560.jpg,Pyotr Konchalovsky,House of bullfighting amateur 
77668,39377.jpg,Pyotr Konchalovsky,Bouquet of flowers
77715,25164.jpg,Pyotr Konchalovsky,Crimea. Cypress.
77752,37569.jpg,Pyotr Konchalovsky,Still Life. Lilacs in a basket.
77757,13943.jpg,Pyotr Konchalovsky,Still Life with a fly. Every victuals.
77807,101511.jpg,Pyotr Konchalovsky,Paris. The boy with the apple. (Portrait of Mikhail Petrovich Konchalovsky).
77809,37915.jpg,Pyotr Konchalovsky,Under the trees
